,image,has_road_x,has_road_y
14,/deep/group/aicc-bootcamp/transportation/data/dvrpc/aerial/imagery/500:0:0.1:18:-701:88782.png,yes,no
17,/deep/group/aicc-bootcamp/transportation/data/dvrpc/aerial/imagery/500:0:0.1:18:40:88432.png,yes,no
24,/deep/group/aicc-bootcamp/transportation/data/dvrpc/aerial/imagery/500:0:0.1:18:-134:89258.png,yes,no
25,/deep/group/aicc-bootcamp/transportation/data/dvrpc/aerial/imagery/500:0:0.1:18:-1598:88521.png,yes,no
33,/deep/group/aicc-bootcamp/transportation/data/dvrpc/aerial/imagery/500:0:0.1:18:26:88806.png,no,no
34,/deep/group/aicc-bootcamp/transportation/data/dvrpc/aerial/imagery/500:0:0.1:18:-645:88389.png,yes,no
38,/deep/group/aicc-bootcamp/transportation/data/dvrpc/aerial/imagery/500:0:0.1:18:-1140:88680.png,no,no
40,/deep/group/aicc-bootcamp/transportation/data/dvrpc/aerial/imagery/500:0:0.1:18:-451:87936.png,yes,no
44,/deep/group/aicc-bootcamp/transportation/data/dvrpc/aerial/imagery/500:0:0.1:18:238:89196.png,yes,no
51,/deep/group/aicc-bootcamp/transportation/data/dvrpc/aerial/imagery/500:0:0.1:18:-952:88399.png,yes,no
61,/deep/group/aicc-bootcamp/transportation/data/dvrpc/aerial/imagery/500:0:0.1:18:-278:87978.png,yes,no
72,/deep/group/aicc-bootcamp/transportation/data/dvrpc/aerial/imagery/500:0:0.1:18:77:88974.png,yes,no
75,/deep/group/aicc-bootcamp/transportation/data/dvrpc/aerial/imagery/500:0:0.1:18:-1139:88228.png,yes,no
83,/deep/group/aicc-bootcamp/transportation/data/dvrpc/aerial/imagery/500:0:0.1:18:-701:89081.png,yes,no
84,/deep/group/aicc-bootcamp/transportation/data/dvrpc/aerial/imagery/500:0:0.1:18:-839:89136.png,yes,no
100,/deep/group/aicc-bootcamp/transportation/data/dvrpc/aerial/imagery/500:0:0.1:18:-687:89400.png,yes,no
102,/deep/group/aicc-bootcamp/transportation/data/dvrpc/aerial/imagery/500:0:0.1:18:-660:89416.png,yes,no
108,/deep/group/aicc-bootcamp/transportation/data/dvrpc/aerial/imagery/500:0:0.1:18:-570:89737.png,no,no
119,/deep/group/aicc-bootcamp/transportation/data/dvrpc/aerial/imagery/500:0:0.1:18:-1074:88410.png,yes,no
127,/deep/group/aicc-bootcamp/transportation/data/dvrpc/aerial/imagery/500:0:0.1:18:-205:88369.png,yes,no
132,/deep/group/aicc-bootcamp/transportation/data/dvrpc/aerial/imagery/500:0:0.1:18:35:89170.png,yes,no
133,/deep/group/aicc-bootcamp/transportation/data/dvrpc/aerial/imagery/500:0:0.1:18:-137:87753.png,no,no
138,/deep/group/aicc-bootcamp/transportation/data/dvrpc/aerial/imagery/500:0:0.1:18:15:87717.png,yes,no
139,/deep/group/aicc-bootcamp/transportation/data/dvrpc/aerial/imagery/500:0:0.1:18:-962:88549.png,yes,no
144,/deep/group/aicc-bootcamp/transportation/data/dvrpc/aerial/imagery/500:0:0.1:18:-403:89138.png,yes,no
145,/deep/group/aicc-bootcamp/transportation/data/dvrpc/aerial/imagery/500:0:0.1:18:-850:88942.png,no,no
146,/deep/group/aicc-bootcamp/transportation/data/dvrpc/aerial/imagery/500:0:0.1:18:502:88187.png,no,no
152,/deep/group/aicc-bootcamp/transportation/data/dvrpc/aerial/imagery/500:0:0.1:18:-676:89129.png,yes,no
153,/deep/group/aicc-bootcamp/transportation/data/dvrpc/aerial/imagery/500:0:0.1:18:-398:89317.png,yes,no
156,/deep/group/aicc-bootcamp/transportation/data/dvrpc/aerial/imagery/500:0:0.1:18:489:88152.png,no,no
158,/deep/group/aicc-bootcamp/transportation/data/dvrpc/aerial/imagery/500:0:0.1:18:-1593:88455.png,yes,no
159,/deep/group/aicc-bootcamp/transportation/data/dvrpc/aerial/imagery/500:0:0.1:18:-382:89599.png,yes,no
160,/deep/group/aicc-bootcamp/transportation/data/dvrpc/aerial/imagery/500:0:0.1:18:-1538:88082.png,yes,no
163,/deep/group/aicc-bootcamp/transportation/data/dvrpc/aerial/imagery/500:0:0.1:18:-297:88952.png,yes,no
167,/deep/group/aicc-bootcamp/transportation/data/dvrpc/aerial/imagery/500:0:0.1:18:-562:88861.png,yes,no
169,/deep/group/aicc-bootcamp/transportation/data/dvrpc/aerial/imagery/500:0:0.1:18:294:89020.png,yes,no
181,/deep/group/aicc-bootcamp/transportation/data/dvrpc/aerial/imagery/500:0:0.1:18:-1030:88742.png,yes,no
183,/deep/group/aicc-bootcamp/transportation/data/dvrpc/aerial/imagery/500:0:0.1:18:-707:88811.png,yes,no
186,/deep/group/aicc-bootcamp/transportation/data/dvrpc/aerial/imagery/500:0:0.1:18:-1117:88480.png,yes,no
187,/deep/group/aicc-bootcamp/transportation/data/dvrpc/aerial/imagery/500:0:0.1:18:-411:89125.png,no,no
189,/deep/group/aicc-bootcamp/transportation/data/dvrpc/aerial/imagery/500:0:0.1:18:-498:89249.png,yes,no
190,/deep/group/aicc-bootcamp/transportation/data/dvrpc/aerial/imagery/500:0:0.1:18:307:88174.png,no,no
205,/deep/group/aicc-bootcamp/transportation/data/dvrpc/aerial/imagery/500:0:0.1:18:-459:89569.png,yes,no
209,/deep/group/aicc-bootcamp/transportation/data/dvrpc/aerial/imagery/500:0:0.1:18:659:88620.png,yes,no
217,/deep/group/aicc-bootcamp/transportation/data/dvrpc/aerial/imagery/500:0:0.1:18:-144:88330.png,yes,no
218,/deep/group/aicc-bootcamp/transportation/data/dvrpc/aerial/imagery/500:0:0.1:18:-728:88826.png,yes,no
226,/deep/group/aicc-bootcamp/transportation/data/dvrpc/aerial/imagery/500:0:0.1:18:-291:88348.png,yes,no
227,/deep/group/aicc-bootcamp/transportation/data/dvrpc/aerial/imagery/500:0:0.1:18:-415:87826.png,yes,no
228,/deep/group/aicc-bootcamp/transportation/data/dvrpc/aerial/imagery/500:0:0.1:18:-443:89728.png,no,no
231,/deep/group/aicc-bootcamp/transportation/data/dvrpc/aerial/imagery/500:0:0.1:18:169:88826.png,yes,no
232,/deep/group/aicc-bootcamp/transportation/data/dvrpc/aerial/imagery/500:0:0.1:18:418:88500.png,yes,no
242,/deep/group/aicc-bootcamp/transportation/data/dvrpc/aerial/imagery/500:0:0.1:18:-1360:88040.png,yes,no
254,/deep/group/aicc-bootcamp/transportation/data/dvrpc/aerial/imagery/500:0:0.1:18:417:89011.png,yes,no
266,/deep/group/aicc-bootcamp/transportation/data/dvrpc/aerial/imagery/500:0:0.1:18:-724:88604.png,yes,no
267,/deep/group/aicc-bootcamp/transportation/data/dvrpc/aerial/imagery/500:0:0.1:18:39:89016.png,yes,no
271,/deep/group/aicc-bootcamp/transportation/data/dvrpc/aerial/imagery/500:0:0.1:18:-807:88408.png,yes,no
277,/deep/group/aicc-bootcamp/transportation/data/dvrpc/aerial/imagery/500:0:0.1:18:-896:88247.png,yes,no
281,/deep/group/aicc-bootcamp/transportation/data/dvrpc/aerial/imagery/500:0:0.1:18:-874:88309.png,yes,no
283,/deep/group/aicc-bootcamp/transportation/data/dvrpc/aerial/imagery/500:0:0.1:18:209:89305.png,no,no
284,/deep/group/aicc-bootcamp/transportation/data/dvrpc/aerial/imagery/500:0:0.1:18:-706:88414.png,yes,no
293,/deep/group/aicc-bootcamp/transportation/data/dvrpc/aerial/imagery/500:0:0.1:18:126:88201.png,yes,no
295,/deep/group/aicc-bootcamp/transportation/data/dvrpc/aerial/imagery/500:0:0.1:18:-1092:88396.png,no,no
299,/deep/group/aicc-bootcamp/transportation/data/dvrpc/aerial/imagery/500:0:0.1:18:-1420:88417.png,yes,no
303,/deep/group/aicc-bootcamp/transportation/data/dvrpc/aerial/imagery/500:0:0.1:18:-255:89751.png,no,no
305,/deep/group/aicc-bootcamp/transportation/data/dvrpc/aerial/imagery/500:0:0.1:18:-169:88076.png,yes,no
306,/deep/group/aicc-bootcamp/transportation/data/dvrpc/aerial/imagery/500:0:0.1:18:-261:89708.png,yes,no
307,/deep/group/aicc-bootcamp/transportation/data/dvrpc/aerial/imagery/500:0:0.1:18:-1087:88723.png,yes,no
313,/deep/group/aicc-bootcamp/transportation/data/dvrpc/aerial/imagery/500:0:0.1:18:-997:88850.png,no,no
314,/deep/group/aicc-bootcamp/transportation/data/dvrpc/aerial/imagery/500:0:0.1:18:482:89192.png,yes,no
318,/deep/group/aicc-bootcamp/transportation/data/dvrpc/aerial/imagery/500:0:0.1:18:-55:89353.png,yes,no
321,/deep/group/aicc-bootcamp/transportation/data/dvrpc/aerial/imagery/500:0:0.1:18:-83:89303.png,yes,no
325,/deep/group/aicc-bootcamp/transportation/data/dvrpc/aerial/imagery/500:0:0.1:18:-584:88916.png,yes,no
329,/deep/group/aicc-bootcamp/transportation/data/dvrpc/aerial/imagery/500:0:0.1:18:-759:88500.png,yes,no
330,/deep/group/aicc-bootcamp/transportation/data/dvrpc/aerial/imagery/500:0:0.1:18:-803:88236.png,yes,no
331,/deep/group/aicc-bootcamp/transportation/data/dvrpc/aerial/imagery/500:0:0.1:18:-724:88568.png,yes,no
336,/deep/group/aicc-bootcamp/transportation/data/dvrpc/aerial/imagery/500:0:0.1:18:-1092:88813.png,yes,no
338,/deep/group/aicc-bootcamp/transportation/data/dvrpc/aerial/imagery/500:0:0.1:18:-384:89119.png,no,no
345,/deep/group/aicc-bootcamp/transportation/data/dvrpc/aerial/imagery/500:0:0.1:18:17:89191.png,no,no
349,/deep/group/aicc-bootcamp/transportation/data/dvrpc/aerial/imagery/500:0:0.1:18:-703:88733.png,yes,no
350,/deep/group/aicc-bootcamp/transportation/data/dvrpc/aerial/imagery/500:0:0.1:18:-755:89481.png,yes,no
357,/deep/group/aicc-bootcamp/transportation/data/dvrpc/aerial/imagery/500:0:0.1:18:-247:89387.png,yes,no
359,/deep/group/aicc-bootcamp/transportation/data/dvrpc/aerial/imagery/500:0:0.1:18:-896:88296.png,yes,no
366,/deep/group/aicc-bootcamp/transportation/data/dvrpc/aerial/imagery/500:0:0.1:18:-1049:88502.png,yes,no
369,/deep/group/aicc-bootcamp/transportation/data/dvrpc/aerial/imagery/500:0:0.1:18:-418:89147.png,no,no
372,/deep/group/aicc-bootcamp/transportation/data/dvrpc/aerial/imagery/500:0:0.1:18:-260:89511.png,yes,no
373,/deep/group/aicc-bootcamp/transportation/data/dvrpc/aerial/imagery/500:0:0.1:18:-1283:89006.png,yes,no
375,/deep/group/aicc-bootcamp/transportation/data/dvrpc/aerial/imagery/500:0:0.1:18:-433:89790.png,yes,no
385,/deep/group/aicc-bootcamp/transportation/data/dvrpc/aerial/imagery/500:0:0.1:18:110:89010.png,yes,no
389,/deep/group/aicc-bootcamp/transportation/data/dvrpc/aerial/imagery/500:0:0.1:18:-859:88816.png,yes,no
397,/deep/group/aicc-bootcamp/transportation/data/dvrpc/aerial/imagery/500:0:0.1:18:-99:88808.png,yes,no
400,/deep/group/aicc-bootcamp/transportation/data/dvrpc/aerial/imagery/500:0:0.1:18:-1426:87980.png,no,no
402,/deep/group/aicc-bootcamp/transportation/data/dvrpc/aerial/imagery/500:0:0.1:18:475:89085.png,yes,no
411,/deep/group/aicc-bootcamp/transportation/data/dvrpc/aerial/imagery/500:0:0.1:18:352:88353.png,yes,no
418,/deep/group/aicc-bootcamp/transportation/data/dvrpc/aerial/imagery/500:0:0.1:18:94:88846.png,yes,no
431,/deep/group/aicc-bootcamp/transportation/data/dvrpc/aerial/imagery/500:0:0.1:18:627:89394.png,yes,no
434,/deep/group/aicc-bootcamp/transportation/data/dvrpc/aerial/imagery/500:0:0.1:18:406:89096.png,yes,no
436,/deep/group/aicc-bootcamp/transportation/data/dvrpc/aerial/imagery/500:0:0.1:18:-409:88307.png,yes,no
439,/deep/group/aicc-bootcamp/transportation/data/dvrpc/aerial/imagery/500:0:0.1:18:399:88317.png,no,no
442,/deep/group/aicc-bootcamp/transportation/data/dvrpc/aerial/imagery/500:0:0.1:18:-754:88383.png,yes,no
443,/deep/group/aicc-bootcamp/transportation/data/dvrpc/aerial/imagery/500:0:0.1:18:-152:88077.png,yes,no
445,/deep/group/aicc-bootcamp/transportation/data/dvrpc/aerial/imagery/500:0:0.1:18:-621:88356.png,yes,no
451,/deep/group/aicc-bootcamp/transportation/data/dvrpc/aerial/imagery/500:0:0.1:18:-691:88606.png,no,no
461,/deep/group/aicc-bootcamp/transportation/data/dvrpc/aerial/imagery/500:0:0.1:18:438:89313.png,yes,no
463,/deep/group/aicc-bootcamp/transportation/data/dvrpc/aerial/imagery/500:0:0.1:18:-795:88379.png,no,no
464,/deep/group/aicc-bootcamp/transportation/data/dvrpc/aerial/imagery/500:0:0.1:18:-616:88646.png,yes,no
467,/deep/group/aicc-bootcamp/transportation/data/dvrpc/aerial/imagery/500:0:0.1:18:-215:88428.png,yes,no
470,/deep/group/aicc-bootcamp/transportation/data/dvrpc/aerial/imagery/500:0:0.1:18:-868:88443.png,yes,no
473,/deep/group/aicc-bootcamp/transportation/data/dvrpc/aerial/imagery/500:0:0.1:18:-895:88792.png,yes,no
478,/deep/group/aicc-bootcamp/transportation/data/dvrpc/aerial/imagery/500:0:0.1:18:576:89363.png,yes,no
481,/deep/group/aicc-bootcamp/transportation/data/dvrpc/aerial/imagery/500:0:0.1:18:-969:89266.png,yes,no
500,/deep/group/aicc-bootcamp/transportation/data/dvrpc/aerial/imagery/500:0:0.1:18:-1371:88885.png,yes,no
502,/deep/group/aicc-bootcamp/transportation/data/dvrpc/aerial/imagery/500:0:0.1:18:-947:89177.png,yes,no
509,/deep/group/aicc-bootcamp/transportation/data/dvrpc/aerial/imagery/500:0:0.1:18:-1429:88706.png,no,no
512,/deep/group/aicc-bootcamp/transportation/data/dvrpc/aerial/imagery/500:0:0.1:18:-755:88525.png,yes,no
519,/deep/group/aicc-bootcamp/transportation/data/dvrpc/aerial/imagery/500:0:0.1:18:-1141:88809.png,yes,no
531,/deep/group/aicc-bootcamp/transportation/data/dvrpc/aerial/imagery/500:0:0.1:18:-497:88985.png,yes,no
540,/deep/group/aicc-bootcamp/transportation/data/dvrpc/aerial/imagery/500:0:0.1:18:-438:89233.png,yes,no
541,/deep/group/aicc-bootcamp/transportation/data/dvrpc/aerial/imagery/500:0:0.1:18:559:89034.png,yes,no
545,/deep/group/aicc-bootcamp/transportation/data/dvrpc/aerial/imagery/500:0:0.1:18:607:88985.png,yes,no
547,/deep/group/aicc-bootcamp/transportation/data/dvrpc/aerial/imagery/500:0:0.1:18:-199:88880.png,yes,no
549,/deep/group/aicc-bootcamp/transportation/data/dvrpc/aerial/imagery/500:0:0.1:18:-548:89004.png,yes,no
557,/deep/group/aicc-bootcamp/transportation/data/dvrpc/aerial/imagery/500:0:0.1:18:-194:88883.png,yes,no
558,/deep/group/aicc-bootcamp/transportation/data/dvrpc/aerial/imagery/500:0:0.1:18:-603:88131.png,yes,no
562,/deep/group/aicc-bootcamp/transportation/data/dvrpc/aerial/imagery/500:0:0.1:18:0:88317.png,yes,no
566,/deep/group/aicc-bootcamp/transportation/data/dvrpc/aerial/imagery/500:0:0.1:18:-1597:88087.png,yes,no
567,/deep/group/aicc-bootcamp/transportation/data/dvrpc/aerial/imagery/500:0:0.1:18:-221:89242.png,yes,no
570,/deep/group/aicc-bootcamp/transportation/data/dvrpc/aerial/imagery/500:0:0.1:18:-1436:88841.png,yes,no
571,/deep/group/aicc-bootcamp/transportation/data/dvrpc/aerial/imagery/500:0:0.1:18:-1143:88168.png,no,no
573,/deep/group/aicc-bootcamp/transportation/data/dvrpc/aerial/imagery/500:0:0.1:18:-1165:89037.png,yes,no
578,/deep/group/aicc-bootcamp/transportation/data/dvrpc/aerial/imagery/500:0:0.1:18:-1269:88501.png,no,no
589,/deep/group/aicc-bootcamp/transportation/data/dvrpc/aerial/imagery/500:0:0.1:18:255:89364.png,yes,no
590,/deep/group/aicc-bootcamp/transportation/data/dvrpc/aerial/imagery/500:0:0.1:18:-206:88864.png,yes,no
592,/deep/group/aicc-bootcamp/transportation/data/dvrpc/aerial/imagery/500:0:0.1:18:173:88808.png,yes,no
593,/deep/group/aicc-bootcamp/transportation/data/dvrpc/aerial/imagery/500:0:0.1:18:-586:88254.png,yes,no
595,/deep/group/aicc-bootcamp/transportation/data/dvrpc/aerial/imagery/500:0:0.1:18:-113:87719.png,yes,no
605,/deep/group/aicc-bootcamp/transportation/data/dvrpc/aerial/imagery/500:0:0.1:18:-127:89394.png,yes,no
606,/deep/group/aicc-bootcamp/transportation/data/dvrpc/aerial/imagery/500:0:0.1:18:-353:89440.png,yes,no
616,/deep/group/aicc-bootcamp/transportation/data/dvrpc/aerial/imagery/500:0:0.1:18:-716:88441.png,yes,no
617,/deep/group/aicc-bootcamp/transportation/data/dvrpc/aerial/imagery/500:0:0.1:18:-727:88647.png,yes,no
618,/deep/group/aicc-bootcamp/transportation/data/dvrpc/aerial/imagery/500:0:0.1:18:-95:89358.png,no,no
623,/deep/group/aicc-bootcamp/transportation/data/dvrpc/aerial/imagery/500:0:0.1:18:240:89354.png,yes,no
624,/deep/group/aicc-bootcamp/transportation/data/dvrpc/aerial/imagery/500:0:0.1:18:-372:89459.png,yes,no
627,/deep/group/aicc-bootcamp/transportation/data/dvrpc/aerial/imagery/500:0:0.1:18:-24:88420.png,yes,no
631,/deep/group/aicc-bootcamp/transportation/data/dvrpc/aerial/imagery/500:0:0.1:18:-991:88805.png,yes,no
636,/deep/group/aicc-bootcamp/transportation/data/dvrpc/aerial/imagery/500:0:0.1:18:389:89327.png,yes,no
637,/deep/group/aicc-bootcamp/transportation/data/dvrpc/aerial/imagery/500:0:0.1:18:-882:88525.png,yes,no
639,/deep/group/aicc-bootcamp/transportation/data/dvrpc/aerial/imagery/500:0:0.1:18:-1600:88074.png,no,no
641,/deep/group/aicc-bootcamp/transportation/data/dvrpc/aerial/imagery/500:0:0.1:18:-1062:88235.png,yes,no
644,/deep/group/aicc-bootcamp/transportation/data/dvrpc/aerial/imagery/500:0:0.1:18:-689:88659.png,yes,no
645,/deep/group/aicc-bootcamp/transportation/data/dvrpc/aerial/imagery/500:0:0.1:18:-420:89128.png,yes,no
647,/deep/group/aicc-bootcamp/transportation/data/dvrpc/aerial/imagery/500:0:0.1:18:-998:88745.png,yes,no
651,/deep/group/aicc-bootcamp/transportation/data/dvrpc/aerial/imagery/500:0:0.1:18:-377:88376.png,yes,no
654,/deep/group/aicc-bootcamp/transportation/data/dvrpc/aerial/imagery/500:0:0.1:18:-1606:88272.png,yes,no
656,/deep/group/aicc-bootcamp/transportation/data/dvrpc/aerial/imagery/500:0:0.1:18:668:88892.png,yes,no
657,/deep/group/aicc-bootcamp/transportation/data/dvrpc/aerial/imagery/500:0:0.1:18:-120:89295.png,no,no
663,/deep/group/aicc-bootcamp/transportation/data/dvrpc/aerial/imagery/500:0:0.1:18:-18:88781.png,yes,no
666,/deep/group/aicc-bootcamp/transportation/data/dvrpc/aerial/imagery/500:0:0.1:18:-122:88790.png,yes,no
669,/deep/group/aicc-bootcamp/transportation/data/dvrpc/aerial/imagery/500:0:0.1:18:-720:88385.png,no,no
675,/deep/group/aicc-bootcamp/transportation/data/dvrpc/aerial/imagery/500:0:0.1:18:-859:89279.png,yes,no
676,/deep/group/aicc-bootcamp/transportation/data/dvrpc/aerial/imagery/500:0:0.1:18:-678:88736.png,yes,no
681,/deep/group/aicc-bootcamp/transportation/data/dvrpc/aerial/imagery/500:0:0.1:18:-52:88374.png,yes,no
686,/deep/group/aicc-bootcamp/transportation/data/dvrpc/aerial/imagery/500:0:0.1:18:-593:89037.png,yes,no
690,/deep/group/aicc-bootcamp/transportation/data/dvrpc/aerial/imagery/500:0:0.1:18:-1271:88665.png,yes,no
692,/deep/group/aicc-bootcamp/transportation/data/dvrpc/aerial/imagery/500:0:0.1:18:-819:88746.png,yes,no
696,/deep/group/aicc-bootcamp/transportation/data/dvrpc/aerial/imagery/500:0:0.1:18:632:88543.png,yes,no
699,/deep/group/aicc-bootcamp/transportation/data/dvrpc/aerial/imagery/500:0:0.1:18:-715:88610.png,yes,no
703,/deep/group/aicc-bootcamp/transportation/data/dvrpc/aerial/imagery/500:0:0.1:18:-698:88658.png,yes,no
705,/deep/group/aicc-bootcamp/transportation/data/dvrpc/aerial/imagery/500:0:0.1:18:-833:89259.png,yes,no
709,/deep/group/aicc-bootcamp/transportation/data/dvrpc/aerial/imagery/500:0:0.1:18:-943:89423.png,yes,no
721,/deep/group/aicc-bootcamp/transportation/data/dvrpc/aerial/imagery/500:0:0.1:18:-1338:88434.png,yes,no
722,/deep/group/aicc-bootcamp/transportation/data/dvrpc/aerial/imagery/500:0:0.1:18:-465:89357.png,yes,no
727,/deep/group/aicc-bootcamp/transportation/data/dvrpc/aerial/imagery/500:0:0.1:18:-1237:88750.png,yes,no
728,/deep/group/aicc-bootcamp/transportation/data/dvrpc/aerial/imagery/500:0:0.1:18:-1069:88410.png,yes,no
731,/deep/group/aicc-bootcamp/transportation/data/dvrpc/aerial/imagery/500:0:0.1:18:153:88575.png,yes,no
737,/deep/group/aicc-bootcamp/transportation/data/dvrpc/aerial/imagery/500:0:0.1:18:-1107:88291.png,yes,no
743,/deep/group/aicc-bootcamp/transportation/data/dvrpc/aerial/imagery/500:0:0.1:18:-992:89395.png,yes,no
752,/deep/group/aicc-bootcamp/transportation/data/dvrpc/aerial/imagery/500:0:0.1:18:-1631:88170.png,yes,no
764,/deep/group/aicc-bootcamp/transportation/data/dvrpc/aerial/imagery/500:0:0.1:18:-378:89114.png,yes,no
769,/deep/group/aicc-bootcamp/transportation/data/dvrpc/aerial/imagery/500:0:0.1:18:-975:89159.png,yes,no
777,/deep/group/aicc-bootcamp/transportation/data/dvrpc/aerial/imagery/500:0:0.1:18:-781:88394.png,no,no
778,/deep/group/aicc-bootcamp/transportation/data/dvrpc/aerial/imagery/500:0:0.1:18:-936:89445.png,yes,no
794,/deep/group/aicc-bootcamp/transportation/data/dvrpc/aerial/imagery/500:0:0.1:18:-658:88637.png,yes,no
801,/deep/group/aicc-bootcamp/transportation/data/dvrpc/aerial/imagery/500:0:0.1:18:-1204:88606.png,yes,no
802,/deep/group/aicc-bootcamp/transportation/data/dvrpc/aerial/imagery/500:0:0.1:18:106:89125.png,yes,no
809,/deep/group/aicc-bootcamp/transportation/data/dvrpc/aerial/imagery/500:0:0.1:18:-931:88426.png,yes,no
810,/deep/group/aicc-bootcamp/transportation/data/dvrpc/aerial/imagery/500:0:0.1:18:441:89038.png,yes,no
813,/deep/group/aicc-bootcamp/transportation/data/dvrpc/aerial/imagery/500:0:0.1:18:-990:88448.png,yes,no
818,/deep/group/aicc-bootcamp/transportation/data/dvrpc/aerial/imagery/500:0:0.1:18:59:88421.png,yes,no
820,/deep/group/aicc-bootcamp/transportation/data/dvrpc/aerial/imagery/500:0:0.1:18:126:88205.png,yes,no
822,/deep/group/aicc-bootcamp/transportation/data/dvrpc/aerial/imagery/500:0:0.1:18:-409:88874.png,yes,no
823,/deep/group/aicc-bootcamp/transportation/data/dvrpc/aerial/imagery/500:0:0.1:18:55:89169.png,yes,no
830,/deep/group/aicc-bootcamp/transportation/data/dvrpc/aerial/imagery/500:0:0.1:18:-1117:88316.png,yes,no
831,/deep/group/aicc-bootcamp/transportation/data/dvrpc/aerial/imagery/500:0:0.1:18:578:89376.png,yes,no
841,/deep/group/aicc-bootcamp/transportation/data/dvrpc/aerial/imagery/500:0:0.1:18:-733:88303.png,yes,no
842,/deep/group/aicc-bootcamp/transportation/data/dvrpc/aerial/imagery/500:0:0.1:18:-522:88945.png,yes,no
844,/deep/group/aicc-bootcamp/transportation/data/dvrpc/aerial/imagery/500:0:0.1:18:-59:89346.png,yes,no
848,/deep/group/aicc-bootcamp/transportation/data/dvrpc/aerial/imagery/500:0:0.1:18:12:87996.png,yes,no
852,/deep/group/aicc-bootcamp/transportation/data/dvrpc/aerial/imagery/500:0:0.1:18:-648:88575.png,yes,no
858,/deep/group/aicc-bootcamp/transportation/data/dvrpc/aerial/imagery/500:0:0.1:18:-503:89361.png,yes,no
859,/deep/group/aicc-bootcamp/transportation/data/dvrpc/aerial/imagery/500:0:0.1:18:-964:88882.png,yes,no
860,/deep/group/aicc-bootcamp/transportation/data/dvrpc/aerial/imagery/500:0:0.1:18:-1416:88712.png,no,no
864,/deep/group/aicc-bootcamp/transportation/data/dvrpc/aerial/imagery/500:0:0.1:18:-1639:88141.png,yes,no
867,/deep/group/aicc-bootcamp/transportation/data/dvrpc/aerial/imagery/500:0:0.1:18:-648:88235.png,yes,no
870,/deep/group/aicc-bootcamp/transportation/data/dvrpc/aerial/imagery/500:0:0.1:18:-1150:88777.png,yes,no
874,/deep/group/aicc-bootcamp/transportation/data/dvrpc/aerial/imagery/500:0:0.1:18:-1122:88387.png,yes,no
875,/deep/group/aicc-bootcamp/transportation/data/dvrpc/aerial/imagery/500:0:0.1:18:236:87974.png,yes,no
884,/deep/group/aicc-bootcamp/transportation/data/dvrpc/aerial/imagery/500:0:0.1:18:47:89168.png,no,no
887,/deep/group/aicc-bootcamp/transportation/data/dvrpc/aerial/imagery/500:0:0.1:18:-318:87873.png,yes,no
888,/deep/group/aicc-bootcamp/transportation/data/dvrpc/aerial/imagery/500:0:0.1:18:-730:88627.png,yes,no
889,/deep/group/aicc-bootcamp/transportation/data/dvrpc/aerial/imagery/500:0:0.1:18:-42:88425.png,yes,no
891,/deep/group/aicc-bootcamp/transportation/data/dvrpc/aerial/imagery/500:0:0.1:18:-1258:88473.png,yes,no
892,/deep/group/aicc-bootcamp/transportation/data/dvrpc/aerial/imagery/500:0:0.1:18:-743:88362.png,yes,no
897,/deep/group/aicc-bootcamp/transportation/data/dvrpc/aerial/imagery/500:0:0.1:18:-182:87760.png,yes,no
905,/deep/group/aicc-bootcamp/transportation/data/dvrpc/aerial/imagery/500:0:0.1:18:-754:89015.png,yes,no
909,/deep/group/aicc-bootcamp/transportation/data/dvrpc/aerial/imagery/500:0:0.1:18:-605:89181.png,yes,no
917,/deep/group/aicc-bootcamp/transportation/data/dvrpc/aerial/imagery/500:0:0.1:18:-1260:88429.png,no,no
919,/deep/group/aicc-bootcamp/transportation/data/dvrpc/aerial/imagery/500:0:0.1:18:-991:88853.png,no,no
921,/deep/group/aicc-bootcamp/transportation/data/dvrpc/aerial/imagery/500:0:0.1:18:-1557:88592.png,yes,no
925,/deep/group/aicc-bootcamp/transportation/data/dvrpc/aerial/imagery/500:0:0.1:18:-475:88792.png,yes,no
926,/deep/group/aicc-bootcamp/transportation/data/dvrpc/aerial/imagery/500:0:0.1:18:26:89409.png,yes,no
927,/deep/group/aicc-bootcamp/transportation/data/dvrpc/aerial/imagery/500:0:0.1:18:-59:88381.png,yes,no
930,/deep/group/aicc-bootcamp/transportation/data/dvrpc/aerial/imagery/500:0:0.1:18:452:88897.png,yes,no
935,/deep/group/aicc-bootcamp/transportation/data/dvrpc/aerial/imagery/500:0:0.1:18:-387:89342.png,yes,no
938,/deep/group/aicc-bootcamp/transportation/data/dvrpc/aerial/imagery/500:0:0.1:18:-705:88659.png,yes,no
941,/deep/group/aicc-bootcamp/transportation/data/dvrpc/aerial/imagery/500:0:0.1:18:89:88681.png,no,no
949,/deep/group/aicc-bootcamp/transportation/data/dvrpc/aerial/imagery/500:0:0.1:18:-1148:88271.png,yes,no
951,/deep/group/aicc-bootcamp/transportation/data/dvrpc/aerial/imagery/500:0:0.1:18:-1246:88921.png,yes,no
955,/deep/group/aicc-bootcamp/transportation/data/dvrpc/aerial/imagery/500:0:0.1:18:-877:89459.png,yes,no
957,/deep/group/aicc-bootcamp/transportation/data/dvrpc/aerial/imagery/500:0:0.1:18:95:89204.png,yes,no
967,/deep/group/aicc-bootcamp/transportation/data/dvrpc/aerial/imagery/500:0:0.1:18:417:88555.png,yes,no
969,/deep/group/aicc-bootcamp/transportation/data/dvrpc/aerial/imagery/500:0:0.1:18:-950:88395.png,yes,no
971,/deep/group/aicc-bootcamp/transportation/data/dvrpc/aerial/imagery/500:0:0.1:18:-340:89678.png,yes,no
973,/deep/group/aicc-bootcamp/transportation/data/dvrpc/aerial/imagery/500:0:0.1:18:-219:88182.png,yes,no
974,/deep/group/aicc-bootcamp/transportation/data/dvrpc/aerial/imagery/500:0:0.1:18:-417:89128.png,yes,no
975,/deep/group/aicc-bootcamp/transportation/data/dvrpc/aerial/imagery/500:0:0.1:18:25:88659.png,yes,no
978,/deep/group/aicc-bootcamp/transportation/data/dvrpc/aerial/imagery/500:0:0.1:18:-72:88096.png,yes,no
980,/deep/group/aicc-bootcamp/transportation/data/dvrpc/aerial/imagery/500:0:0.1:18:-1527:88562.png,yes,no
985,/deep/group/aicc-bootcamp/transportation/data/dvrpc/aerial/imagery/500:0:0.1:18:345:89300.png,yes,no
986,/deep/group/aicc-bootcamp/transportation/data/dvrpc/aerial/imagery/500:0:0.1:18:-680:89088.png,yes,no
988,/deep/group/aicc-bootcamp/transportation/data/dvrpc/aerial/imagery/500:0:0.1:18:-107:87899.png,yes,no
1000,/deep/group/aicc-bootcamp/transportation/data/dvrpc/aerial/imagery/500:0:0.1:18:-123:87713.png,no,no
1001,/deep/group/aicc-bootcamp/transportation/data/dvrpc/aerial/imagery/500:0:0.1:18:-851:89427.png,yes,no
1002,/deep/group/aicc-bootcamp/transportation/data/dvrpc/aerial/imagery/500:0:0.1:18:-423:87845.png,yes,no
1008,/deep/group/aicc-bootcamp/transportation/data/dvrpc/aerial/imagery/500:0:0.1:18:-1013:88679.png,yes,no
1013,/deep/group/aicc-bootcamp/transportation/data/dvrpc/aerial/imagery/500:0:0.1:18:-944:88875.png,yes,no
1014,/deep/group/aicc-bootcamp/transportation/data/dvrpc/aerial/imagery/500:0:0.1:18:-672:88750.png,yes,no
1022,/deep/group/aicc-bootcamp/transportation/data/dvrpc/aerial/imagery/500:0:0.1:18:-693:88764.png,yes,no
1024,/deep/group/aicc-bootcamp/transportation/data/dvrpc/aerial/imagery/500:0:0.1:18:-404:89152.png,yes,no
1025,/deep/group/aicc-bootcamp/transportation/data/dvrpc/aerial/imagery/500:0:0.1:18:-442:87898.png,yes,no
1026,/deep/group/aicc-bootcamp/transportation/data/dvrpc/aerial/imagery/500:0:0.1:18:-1570:88587.png,yes,no
1027,/deep/group/aicc-bootcamp/transportation/data/dvrpc/aerial/imagery/500:0:0.1:18:-1324:88825.png,yes,no
1036,/deep/group/aicc-bootcamp/transportation/data/dvrpc/aerial/imagery/500:0:0.1:18:-373:89217.png,yes,no
1038,/deep/group/aicc-bootcamp/transportation/data/dvrpc/aerial/imagery/500:0:0.1:18:-395:89096.png,yes,no
1042,/deep/group/aicc-bootcamp/transportation/data/dvrpc/aerial/imagery/500:0:0.1:18:-796:88710.png,yes,no
1048,/deep/group/aicc-bootcamp/transportation/data/dvrpc/aerial/imagery/500:0:0.1:18:-247:89721.png,yes,no
1050,/deep/group/aicc-bootcamp/transportation/data/dvrpc/aerial/imagery/500:0:0.1:18:-1232:88764.png,yes,no
1053,/deep/group/aicc-bootcamp/transportation/data/dvrpc/aerial/imagery/500:0:0.1:18:-1551:87991.png,yes,no
1058,/deep/group/aicc-bootcamp/transportation/data/dvrpc/aerial/imagery/500:0:0.1:18:-1596:88122.png,yes,no
1063,/deep/group/aicc-bootcamp/transportation/data/dvrpc/aerial/imagery/500:0:0.1:18:-651:88546.png,yes,no
1064,/deep/group/aicc-bootcamp/transportation/data/dvrpc/aerial/imagery/500:0:0.1:18:-290:89131.png,yes,no
1065,/deep/group/aicc-bootcamp/transportation/data/dvrpc/aerial/imagery/500:0:0.1:18:-392:89143.png,no,no
1066,/deep/group/aicc-bootcamp/transportation/data/dvrpc/aerial/imagery/500:0:0.1:18:-923:88531.png,yes,no
1069,/deep/group/aicc-bootcamp/transportation/data/dvrpc/aerial/imagery/500:0:0.1:18:-138:89311.png,yes,no
1070,/deep/group/aicc-bootcamp/transportation/data/dvrpc/aerial/imagery/500:0:0.1:18:-148:89262.png,yes,no
1073,/deep/group/aicc-bootcamp/transportation/data/dvrpc/aerial/imagery/500:0:0.1:18:-838:88469.png,no,no
1076,/deep/group/aicc-bootcamp/transportation/data/dvrpc/aerial/imagery/500:0:0.1:18:542:88277.png,no,no
1088,/deep/group/aicc-bootcamp/transportation/data/dvrpc/aerial/imagery/500:0:0.1:18:-1069:88469.png,no,no
1089,/deep/group/aicc-bootcamp/transportation/data/dvrpc/aerial/imagery/500:0:0.1:18:-301:89522.png,no,no
1092,/deep/group/aicc-bootcamp/transportation/data/dvrpc/aerial/imagery/500:0:0.1:18:425:88910.png,yes,no
1093,/deep/group/aicc-bootcamp/transportation/data/dvrpc/aerial/imagery/500:0:0.1:18:16:89282.png,yes,no
1101,/deep/group/aicc-bootcamp/transportation/data/dvrpc/aerial/imagery/500:0:0.1:18:-895:88976.png,yes,no
1109,/deep/group/aicc-bootcamp/transportation/data/dvrpc/aerial/imagery/500:0:0.1:18:-1053:88552.png,yes,no
1111,/deep/group/aicc-bootcamp/transportation/data/dvrpc/aerial/imagery/500:0:0.1:18:-223:89294.png,yes,no
1113,/deep/group/aicc-bootcamp/transportation/data/dvrpc/aerial/imagery/500:0:0.1:18:-405:89108.png,yes,no
1130,/deep/group/aicc-bootcamp/transportation/data/dvrpc/aerial/imagery/500:0:0.1:18:-1019:89161.png,yes,no
1136,/deep/group/aicc-bootcamp/transportation/data/dvrpc/aerial/imagery/500:0:0.1:18:7:88319.png,yes,no
1147,/deep/group/aicc-bootcamp/transportation/data/dvrpc/aerial/imagery/500:0:0.1:18:-374:88085.png,yes,no
1156,/deep/group/aicc-bootcamp/transportation/data/dvrpc/aerial/imagery/500:0:0.1:18:-1241:88840.png,yes,no
1169,/deep/group/aicc-bootcamp/transportation/data/dvrpc/aerial/imagery/500:0:0.1:18:-332:89669.png,yes,no
1171,/deep/group/aicc-bootcamp/transportation/data/dvrpc/aerial/imagery/500:0:0.1:18:311:89290.png,yes,no
1179,/deep/group/aicc-bootcamp/transportation/data/dvrpc/aerial/imagery/500:0:0.1:18:-91:88483.png,yes,no
1180,/deep/group/aicc-bootcamp/transportation/data/dvrpc/aerial/imagery/500:0:0.1:18:-1141:88522.png,yes,no
1193,/deep/group/aicc-bootcamp/transportation/data/dvrpc/aerial/imagery/500:0:0.1:18:-584:88270.png,yes,no
1195,/deep/group/aicc-bootcamp/transportation/data/dvrpc/aerial/imagery/500:0:0.1:18:-787:88404.png,no,no
1198,/deep/group/aicc-bootcamp/transportation/data/dvrpc/aerial/imagery/500:0:0.1:18:-1144:88355.png,yes,no
1204,/deep/group/aicc-bootcamp/transportation/data/dvrpc/aerial/imagery/500:0:0.1:18:491:88143.png,yes,no
1212,/deep/group/aicc-bootcamp/transportation/data/dvrpc/aerial/imagery/500:0:0.1:18:-844:88623.png,yes,no
1214,/deep/group/aicc-bootcamp/transportation/data/dvrpc/aerial/imagery/500:0:0.1:18:-787:88569.png,yes,no
1218,/deep/group/aicc-bootcamp/transportation/data/dvrpc/aerial/imagery/500:0:0.1:18:-346:88827.png,yes,no
1219,/deep/group/aicc-bootcamp/transportation/data/dvrpc/aerial/imagery/500:0:0.1:18:-390:89523.png,yes,no
1221,/deep/group/aicc-bootcamp/transportation/data/dvrpc/aerial/imagery/500:0:0.1:18:381:88150.png,no,no
1228,/deep/group/aicc-bootcamp/transportation/data/dvrpc/aerial/imagery/500:0:0.1:18:-329:88205.png,yes,no
1229,/deep/group/aicc-bootcamp/transportation/data/dvrpc/aerial/imagery/500:0:0.1:18:600:88980.png,no,no
1232,/deep/group/aicc-bootcamp/transportation/data/dvrpc/aerial/imagery/500:0:0.1:18:85:88863.png,yes,no
1234,/deep/group/aicc-bootcamp/transportation/data/dvrpc/aerial/imagery/500:0:0.1:18:-737:88369.png,yes,no
1237,/deep/group/aicc-bootcamp/transportation/data/dvrpc/aerial/imagery/500:0:0.1:18:-979:88650.png,no,no
1239,/deep/group/aicc-bootcamp/transportation/data/dvrpc/aerial/imagery/500:0:0.1:18:-1093:88458.png,yes,no
1241,/deep/group/aicc-bootcamp/transportation/data/dvrpc/aerial/imagery/500:0:0.1:18:-383:89595.png,yes,no
1251,/deep/group/aicc-bootcamp/transportation/data/dvrpc/aerial/imagery/500:0:0.1:18:-761:88245.png,yes,no
1254,/deep/group/aicc-bootcamp/transportation/data/dvrpc/aerial/imagery/500:0:0.1:18:95:89104.png,yes,no
1258,/deep/group/aicc-bootcamp/transportation/data/dvrpc/aerial/imagery/500:0:0.1:18:-644:88391.png,yes,no
1261,/deep/group/aicc-bootcamp/transportation/data/dvrpc/aerial/imagery/500:0:0.1:18:-1458:88500.png,yes,no
1263,/deep/group/aicc-bootcamp/transportation/data/dvrpc/aerial/imagery/500:0:0.1:18:-135:87745.png,yes,no
1265,/deep/group/aicc-bootcamp/transportation/data/dvrpc/aerial/imagery/500:0:0.1:18:-544:88254.png,yes,no
1266,/deep/group/aicc-bootcamp/transportation/data/dvrpc/aerial/imagery/500:0:0.1:18:-1432:87968.png,yes,no
1267,/deep/group/aicc-bootcamp/transportation/data/dvrpc/aerial/imagery/500:0:0.1:18:-525:89219.png,yes,no
1268,/deep/group/aicc-bootcamp/transportation/data/dvrpc/aerial/imagery/500:0:0.1:18:-11:89057.png,yes,no
1273,/deep/group/aicc-bootcamp/transportation/data/dvrpc/aerial/imagery/500:0:0.1:18:-1460:88735.png,yes,no
1276,/deep/group/aicc-bootcamp/transportation/data/dvrpc/aerial/imagery/500:0:0.1:18:-1073:88297.png,yes,no
1277,/deep/group/aicc-bootcamp/transportation/data/dvrpc/aerial/imagery/500:0:0.1:18:-487:89412.png,yes,no
1280,/deep/group/aicc-bootcamp/transportation/data/dvrpc/aerial/imagery/500:0:0.1:18:-791:89520.png,yes,no
1283,/deep/group/aicc-bootcamp/transportation/data/dvrpc/aerial/imagery/500:0:0.1:18:-1342:88041.png,yes,no
1284,/deep/group/aicc-bootcamp/transportation/data/dvrpc/aerial/imagery/500:0:0.1:18:120:88672.png,no,no
1286,/deep/group/aicc-bootcamp/transportation/data/dvrpc/aerial/imagery/500:0:0.1:18:-1528:88540.png,no,no
1289,/deep/group/aicc-bootcamp/transportation/data/dvrpc/aerial/imagery/500:0:0.1:18:-535:88377.png,yes,no
1293,/deep/group/aicc-bootcamp/transportation/data/dvrpc/aerial/imagery/500:0:0.1:18:624:89072.png,yes,no
1301,/deep/group/aicc-bootcamp/transportation/data/dvrpc/aerial/imagery/500:0:0.1:18:-493:89056.png,yes,no
1303,/deep/group/aicc-bootcamp/transportation/data/dvrpc/aerial/imagery/500:0:0.1:18:-1:88010.png,yes,no
1305,/deep/group/aicc-bootcamp/transportation/data/dvrpc/aerial/imagery/500:0:0.1:18:-616:89359.png,yes,no
1312,/deep/group/aicc-bootcamp/transportation/data/dvrpc/aerial/imagery/500:0:0.1:18:-882:89063.png,yes,no
1320,/deep/group/aicc-bootcamp/transportation/data/dvrpc/aerial/imagery/500:0:0.1:18:126:88913.png,yes,no
1321,/deep/group/aicc-bootcamp/transportation/data/dvrpc/aerial/imagery/500:0:0.1:18:265:89136.png,yes,no
1322,/deep/group/aicc-bootcamp/transportation/data/dvrpc/aerial/imagery/500:0:0.1:18:-1139:88775.png,yes,no
1326,/deep/group/aicc-bootcamp/transportation/data/dvrpc/aerial/imagery/500:0:0.1:18:-593:89048.png,no,no
1328,/deep/group/aicc-bootcamp/transportation/data/dvrpc/aerial/imagery/500:0:0.1:18:-1113:88508.png,no,no
1329,/deep/group/aicc-bootcamp/transportation/data/dvrpc/aerial/imagery/500:0:0.1:18:-687:88754.png,yes,no
1332,/deep/group/aicc-bootcamp/transportation/data/dvrpc/aerial/imagery/500:0:0.1:18:-1375:88734.png,yes,no
1335,/deep/group/aicc-bootcamp/transportation/data/dvrpc/aerial/imagery/500:0:0.1:18:44:89426.png,yes,no
1345,/deep/group/aicc-bootcamp/transportation/data/dvrpc/aerial/imagery/500:0:0.1:18:451:88221.png,no,no
1348,/deep/group/aicc-bootcamp/transportation/data/dvrpc/aerial/imagery/500:0:0.1:18:255:89208.png,yes,no
1351,/deep/group/aicc-bootcamp/transportation/data/dvrpc/aerial/imagery/500:0:0.1:18:-1162:88300.png,no,no
1359,/deep/group/aicc-bootcamp/transportation/data/dvrpc/aerial/imagery/500:0:0.1:18:-431:89128.png,yes,no
1361,/deep/group/aicc-bootcamp/transportation/data/dvrpc/aerial/imagery/500:0:0.1:18:-402:89145.png,no,no
1366,/deep/group/aicc-bootcamp/transportation/data/dvrpc/aerial/imagery/500:0:0.1:18:-712:88456.png,yes,no
1367,/deep/group/aicc-bootcamp/transportation/data/dvrpc/aerial/imagery/500:0:0.1:18:-1458:88699.png,no,no
1368,/deep/group/aicc-bootcamp/transportation/data/dvrpc/aerial/imagery/500:0:0.1:18:-815:88731.png,yes,no
1370,/deep/group/aicc-bootcamp/transportation/data/dvrpc/aerial/imagery/500:0:0.1:18:206:88829.png,yes,no
1377,/deep/group/aicc-bootcamp/transportation/data/dvrpc/aerial/imagery/500:0:0.1:18:-774:88956.png,yes,no
1380,/deep/group/aicc-bootcamp/transportation/data/dvrpc/aerial/imagery/500:0:0.1:18:-710:88250.png,no,no
1382,/deep/group/aicc-bootcamp/transportation/data/dvrpc/aerial/imagery/500:0:0.1:18:298:89023.png,yes,no
1383,/deep/group/aicc-bootcamp/transportation/data/dvrpc/aerial/imagery/500:0:0.1:18:-140:89241.png,no,no
1387,/deep/group/aicc-bootcamp/transportation/data/dvrpc/aerial/imagery/500:0:0.1:18:-1265:88411.png,yes,no
1395,/deep/group/aicc-bootcamp/transportation/data/dvrpc/aerial/imagery/500:0:0.1:18:-1103:89205.png,yes,no
1397,/deep/group/aicc-bootcamp/transportation/data/dvrpc/aerial/imagery/500:0:0.1:18:-1267:88757.png,yes,no
1399,/deep/group/aicc-bootcamp/transportation/data/dvrpc/aerial/imagery/500:0:0.1:18:-201:88006.png,yes,no
1401,/deep/group/aicc-bootcamp/transportation/data/dvrpc/aerial/imagery/500:0:0.1:18:98:87719.png,yes,no
1403,/deep/group/aicc-bootcamp/transportation/data/dvrpc/aerial/imagery/500:0:0.1:18:-690:88763.png,yes,no
1404,/deep/group/aicc-bootcamp/transportation/data/dvrpc/aerial/imagery/500:0:0.1:18:-721:88486.png,yes,no
1408,/deep/group/aicc-bootcamp/transportation/data/dvrpc/aerial/imagery/500:0:0.1:18:50:88434.png,yes,no
1409,/deep/group/aicc-bootcamp/transportation/data/dvrpc/aerial/imagery/500:0:0.1:18:-226:89776.png,no,no
1412,/deep/group/aicc-bootcamp/transportation/data/dvrpc/aerial/imagery/500:0:0.1:18:-389:89126.png,yes,no
1414,/deep/group/aicc-bootcamp/transportation/data/dvrpc/aerial/imagery/500:0:0.1:18:-744:89489.png,yes,no
1415,/deep/group/aicc-bootcamp/transportation/data/dvrpc/aerial/imagery/500:0:0.1:18:-431:88990.png,yes,no
1416,/deep/group/aicc-bootcamp/transportation/data/dvrpc/aerial/imagery/500:0:0.1:18:-935:88584.png,yes,no
1418,/deep/group/aicc-bootcamp/transportation/data/dvrpc/aerial/imagery/500:0:0.1:18:-290:88386.png,yes,no
1427,/deep/group/aicc-bootcamp/transportation/data/dvrpc/aerial/imagery/500:0:0.1:18:-838:88854.png,yes,no
1443,/deep/group/aicc-bootcamp/transportation/data/dvrpc/aerial/imagery/500:0:0.1:18:158:89090.png,yes,no
1447,/deep/group/aicc-bootcamp/transportation/data/dvrpc/aerial/imagery/500:0:0.1:18:-947:88586.png,yes,no
1448,/deep/group/aicc-bootcamp/transportation/data/dvrpc/aerial/imagery/500:0:0.1:18:-740:88196.png,no,no
1450,/deep/group/aicc-bootcamp/transportation/data/dvrpc/aerial/imagery/500:0:0.1:18:-170:89361.png,yes,no
1453,/deep/group/aicc-bootcamp/transportation/data/dvrpc/aerial/imagery/500:0:0.1:18:-658:88952.png,no,no
1456,/deep/group/aicc-bootcamp/transportation/data/dvrpc/aerial/imagery/500:0:0.1:18:-7:88360.png,yes,no
1457,/deep/group/aicc-bootcamp/transportation/data/dvrpc/aerial/imagery/500:0:0.1:18:277:89201.png,no,no
1458,/deep/group/aicc-bootcamp/transportation/data/dvrpc/aerial/imagery/500:0:0.1:18:-1010:89214.png,yes,no
1464,/deep/group/aicc-bootcamp/transportation/data/dvrpc/aerial/imagery/500:0:0.1:18:-331:89362.png,yes,no
1466,/deep/group/aicc-bootcamp/transportation/data/dvrpc/aerial/imagery/500:0:0.1:18:-690:88765.png,yes,no
1475,/deep/group/aicc-bootcamp/transportation/data/dvrpc/aerial/imagery/500:0:0.1:18:-357:88339.png,no,no
1477,/deep/group/aicc-bootcamp/transportation/data/dvrpc/aerial/imagery/500:0:0.1:18:665:88593.png,yes,no
1479,/deep/group/aicc-bootcamp/transportation/data/dvrpc/aerial/imagery/500:0:0.1:18:-1268:88506.png,yes,no
1481,/deep/group/aicc-bootcamp/transportation/data/dvrpc/aerial/imagery/500:0:0.1:18:-586:88897.png,no,no
1482,/deep/group/aicc-bootcamp/transportation/data/dvrpc/aerial/imagery/500:0:0.1:18:102:88325.png,yes,no
1485,/deep/group/aicc-bootcamp/transportation/data/dvrpc/aerial/imagery/500:0:0.1:18:113:89168.png,yes,no
1487,/deep/group/aicc-bootcamp/transportation/data/dvrpc/aerial/imagery/500:0:0.1:18:73:89204.png,yes,no
1490,/deep/group/aicc-bootcamp/transportation/data/dvrpc/aerial/imagery/500:0:0.1:18:-754:88624.png,yes,no
1495,/deep/group/aicc-bootcamp/transportation/data/dvrpc/aerial/imagery/500:0:0.1:18:-1198:89044.png,yes,no
1496,/deep/group/aicc-bootcamp/transportation/data/dvrpc/aerial/imagery/500:0:0.1:18:-1274:88054.png,no,no
1501,/deep/group/aicc-bootcamp/transportation/data/dvrpc/aerial/imagery/500:0:0.1:18:-322:89215.png,yes,no
1502,/deep/group/aicc-bootcamp/transportation/data/dvrpc/aerial/imagery/500:0:0.1:18:21:89427.png,yes,no
