,image,has_road
0,/deep/group/aicc-bootcamp/transportation/data/dvrpc/aerial/imagery/500:0:0.1:18:-701:88782.png,yes
1,/deep/group/aicc-bootcamp/transportation/data/dvrpc/aerial/imagery/500:0:0.1:18:40:88432.png,yes
2,/deep/group/aicc-bootcamp/transportation/data/dvrpc/aerial/imagery/500:0:0.1:18:-134:89258.png,yes
3,/deep/group/aicc-bootcamp/transportation/data/dvrpc/aerial/imagery/500:0:0.1:18:-1598:88521.png,yes
4,/deep/group/aicc-bootcamp/transportation/data/dvrpc/aerial/imagery/500:0:0.1:18:26:88806.png,no
5,/deep/group/aicc-bootcamp/transportation/data/dvrpc/aerial/imagery/500:0:0.1:18:-645:88389.png,yes
6,/deep/group/aicc-bootcamp/transportation/data/dvrpc/aerial/imagery/500:0:0.1:18:-1140:88680.png,no
7,/deep/group/aicc-bootcamp/transportation/data/dvrpc/aerial/imagery/500:0:0.1:18:-451:87936.png,yes
8,/deep/group/aicc-bootcamp/transportation/data/dvrpc/aerial/imagery/500:0:0.1:18:238:89196.png,yes
9,/deep/group/aicc-bootcamp/transportation/data/dvrpc/aerial/imagery/500:0:0.1:18:-952:88399.png,yes
10,/deep/group/aicc-bootcamp/transportation/data/dvrpc/aerial/imagery/500:0:0.1:18:-278:87978.png,yes
11,/deep/group/aicc-bootcamp/transportation/data/dvrpc/aerial/imagery/500:0:0.1:18:77:88974.png,yes
12,/deep/group/aicc-bootcamp/transportation/data/dvrpc/aerial/imagery/500:0:0.1:18:-1139:88228.png,yes
13,/deep/group/aicc-bootcamp/transportation/data/dvrpc/aerial/imagery/500:0:0.1:18:-701:89081.png,yes
14,/deep/group/aicc-bootcamp/transportation/data/dvrpc/aerial/imagery/500:0:0.1:18:-839:89136.png,yes
15,/deep/group/aicc-bootcamp/transportation/data/dvrpc/aerial/imagery/500:0:0.1:18:-687:89400.png,yes
16,/deep/group/aicc-bootcamp/transportation/data/dvrpc/aerial/imagery/500:0:0.1:18:-660:89416.png,yes
17,/deep/group/aicc-bootcamp/transportation/data/dvrpc/aerial/imagery/500:0:0.1:18:-570:89737.png,no
18,/deep/group/aicc-bootcamp/transportation/data/dvrpc/aerial/imagery/500:0:0.1:18:-1074:88410.png,yes
19,/deep/group/aicc-bootcamp/transportation/data/dvrpc/aerial/imagery/500:0:0.1:18:-205:88369.png,yes
20,/deep/group/aicc-bootcamp/transportation/data/dvrpc/aerial/imagery/500:0:0.1:18:35:89170.png,yes
21,/deep/group/aicc-bootcamp/transportation/data/dvrpc/aerial/imagery/500:0:0.1:18:-137:87753.png,no
22,/deep/group/aicc-bootcamp/transportation/data/dvrpc/aerial/imagery/500:0:0.1:18:15:87717.png,yes
23,/deep/group/aicc-bootcamp/transportation/data/dvrpc/aerial/imagery/500:0:0.1:18:-962:88549.png,yes
24,/deep/group/aicc-bootcamp/transportation/data/dvrpc/aerial/imagery/500:0:0.1:18:-403:89138.png,yes
25,/deep/group/aicc-bootcamp/transportation/data/dvrpc/aerial/imagery/500:0:0.1:18:-850:88942.png,no
26,/deep/group/aicc-bootcamp/transportation/data/dvrpc/aerial/imagery/500:0:0.1:18:502:88187.png,no
27,/deep/group/aicc-bootcamp/transportation/data/dvrpc/aerial/imagery/500:0:0.1:18:-676:89129.png,yes
28,/deep/group/aicc-bootcamp/transportation/data/dvrpc/aerial/imagery/500:0:0.1:18:-398:89317.png,yes
29,/deep/group/aicc-bootcamp/transportation/data/dvrpc/aerial/imagery/500:0:0.1:18:489:88152.png,no
30,/deep/group/aicc-bootcamp/transportation/data/dvrpc/aerial/imagery/500:0:0.1:18:-1593:88455.png,yes
31,/deep/group/aicc-bootcamp/transportation/data/dvrpc/aerial/imagery/500:0:0.1:18:-382:89599.png,yes
32,/deep/group/aicc-bootcamp/transportation/data/dvrpc/aerial/imagery/500:0:0.1:18:-1538:88082.png,yes
33,/deep/group/aicc-bootcamp/transportation/data/dvrpc/aerial/imagery/500:0:0.1:18:-297:88952.png,yes
34,/deep/group/aicc-bootcamp/transportation/data/dvrpc/aerial/imagery/500:0:0.1:18:-562:88861.png,yes
35,/deep/group/aicc-bootcamp/transportation/data/dvrpc/aerial/imagery/500:0:0.1:18:294:89020.png,yes
36,/deep/group/aicc-bootcamp/transportation/data/dvrpc/aerial/imagery/500:0:0.1:18:-1030:88742.png,yes
37,/deep/group/aicc-bootcamp/transportation/data/dvrpc/aerial/imagery/500:0:0.1:18:-707:88811.png,yes
38,/deep/group/aicc-bootcamp/transportation/data/dvrpc/aerial/imagery/500:0:0.1:18:-1117:88480.png,yes
39,/deep/group/aicc-bootcamp/transportation/data/dvrpc/aerial/imagery/500:0:0.1:18:-411:89125.png,no
40,/deep/group/aicc-bootcamp/transportation/data/dvrpc/aerial/imagery/500:0:0.1:18:-498:89249.png,yes
41,/deep/group/aicc-bootcamp/transportation/data/dvrpc/aerial/imagery/500:0:0.1:18:307:88174.png,no
42,/deep/group/aicc-bootcamp/transportation/data/dvrpc/aerial/imagery/500:0:0.1:18:-459:89569.png,yes
43,/deep/group/aicc-bootcamp/transportation/data/dvrpc/aerial/imagery/500:0:0.1:18:659:88620.png,yes
44,/deep/group/aicc-bootcamp/transportation/data/dvrpc/aerial/imagery/500:0:0.1:18:-144:88330.png,yes
45,/deep/group/aicc-bootcamp/transportation/data/dvrpc/aerial/imagery/500:0:0.1:18:-728:88826.png,yes
46,/deep/group/aicc-bootcamp/transportation/data/dvrpc/aerial/imagery/500:0:0.1:18:-291:88348.png,yes
47,/deep/group/aicc-bootcamp/transportation/data/dvrpc/aerial/imagery/500:0:0.1:18:-415:87826.png,yes
48,/deep/group/aicc-bootcamp/transportation/data/dvrpc/aerial/imagery/500:0:0.1:18:-443:89728.png,no
49,/deep/group/aicc-bootcamp/transportation/data/dvrpc/aerial/imagery/500:0:0.1:18:169:88826.png,yes
50,/deep/group/aicc-bootcamp/transportation/data/dvrpc/aerial/imagery/500:0:0.1:18:418:88500.png,yes
51,/deep/group/aicc-bootcamp/transportation/data/dvrpc/aerial/imagery/500:0:0.1:18:-1360:88040.png,yes
52,/deep/group/aicc-bootcamp/transportation/data/dvrpc/aerial/imagery/500:0:0.1:18:417:89011.png,yes
53,/deep/group/aicc-bootcamp/transportation/data/dvrpc/aerial/imagery/500:0:0.1:18:-724:88604.png,yes
54,/deep/group/aicc-bootcamp/transportation/data/dvrpc/aerial/imagery/500:0:0.1:18:39:89016.png,yes
55,/deep/group/aicc-bootcamp/transportation/data/dvrpc/aerial/imagery/500:0:0.1:18:-807:88408.png,yes
56,/deep/group/aicc-bootcamp/transportation/data/dvrpc/aerial/imagery/500:0:0.1:18:-896:88247.png,yes
57,/deep/group/aicc-bootcamp/transportation/data/dvrpc/aerial/imagery/500:0:0.1:18:-874:88309.png,yes
58,/deep/group/aicc-bootcamp/transportation/data/dvrpc/aerial/imagery/500:0:0.1:18:209:89305.png,no
59,/deep/group/aicc-bootcamp/transportation/data/dvrpc/aerial/imagery/500:0:0.1:18:-706:88414.png,yes
60,/deep/group/aicc-bootcamp/transportation/data/dvrpc/aerial/imagery/500:0:0.1:18:126:88201.png,yes
61,/deep/group/aicc-bootcamp/transportation/data/dvrpc/aerial/imagery/500:0:0.1:18:-1092:88396.png,no
62,/deep/group/aicc-bootcamp/transportation/data/dvrpc/aerial/imagery/500:0:0.1:18:-1420:88417.png,yes
63,/deep/group/aicc-bootcamp/transportation/data/dvrpc/aerial/imagery/500:0:0.1:18:-255:89751.png,no
64,/deep/group/aicc-bootcamp/transportation/data/dvrpc/aerial/imagery/500:0:0.1:18:-169:88076.png,yes
65,/deep/group/aicc-bootcamp/transportation/data/dvrpc/aerial/imagery/500:0:0.1:18:-261:89708.png,yes
66,/deep/group/aicc-bootcamp/transportation/data/dvrpc/aerial/imagery/500:0:0.1:18:-1087:88723.png,yes
67,/deep/group/aicc-bootcamp/transportation/data/dvrpc/aerial/imagery/500:0:0.1:18:-997:88850.png,no
68,/deep/group/aicc-bootcamp/transportation/data/dvrpc/aerial/imagery/500:0:0.1:18:482:89192.png,yes
69,/deep/group/aicc-bootcamp/transportation/data/dvrpc/aerial/imagery/500:0:0.1:18:-55:89353.png,yes
70,/deep/group/aicc-bootcamp/transportation/data/dvrpc/aerial/imagery/500:0:0.1:18:-83:89303.png,yes
71,/deep/group/aicc-bootcamp/transportation/data/dvrpc/aerial/imagery/500:0:0.1:18:-584:88916.png,yes
72,/deep/group/aicc-bootcamp/transportation/data/dvrpc/aerial/imagery/500:0:0.1:18:-759:88500.png,yes
73,/deep/group/aicc-bootcamp/transportation/data/dvrpc/aerial/imagery/500:0:0.1:18:-803:88236.png,yes
74,/deep/group/aicc-bootcamp/transportation/data/dvrpc/aerial/imagery/500:0:0.1:18:-724:88568.png,yes
75,/deep/group/aicc-bootcamp/transportation/data/dvrpc/aerial/imagery/500:0:0.1:18:-1092:88813.png,yes
76,/deep/group/aicc-bootcamp/transportation/data/dvrpc/aerial/imagery/500:0:0.1:18:-384:89119.png,no
77,/deep/group/aicc-bootcamp/transportation/data/dvrpc/aerial/imagery/500:0:0.1:18:17:89191.png,no
78,/deep/group/aicc-bootcamp/transportation/data/dvrpc/aerial/imagery/500:0:0.1:18:-703:88733.png,yes
79,/deep/group/aicc-bootcamp/transportation/data/dvrpc/aerial/imagery/500:0:0.1:18:-755:89481.png,yes
80,/deep/group/aicc-bootcamp/transportation/data/dvrpc/aerial/imagery/500:0:0.1:18:-247:89387.png,yes
81,/deep/group/aicc-bootcamp/transportation/data/dvrpc/aerial/imagery/500:0:0.1:18:-896:88296.png,yes
82,/deep/group/aicc-bootcamp/transportation/data/dvrpc/aerial/imagery/500:0:0.1:18:-1049:88502.png,yes
83,/deep/group/aicc-bootcamp/transportation/data/dvrpc/aerial/imagery/500:0:0.1:18:-418:89147.png,no
84,/deep/group/aicc-bootcamp/transportation/data/dvrpc/aerial/imagery/500:0:0.1:18:-260:89511.png,yes
85,/deep/group/aicc-bootcamp/transportation/data/dvrpc/aerial/imagery/500:0:0.1:18:-1283:89006.png,yes
86,/deep/group/aicc-bootcamp/transportation/data/dvrpc/aerial/imagery/500:0:0.1:18:-433:89790.png,yes
87,/deep/group/aicc-bootcamp/transportation/data/dvrpc/aerial/imagery/500:0:0.1:18:110:89010.png,yes
88,/deep/group/aicc-bootcamp/transportation/data/dvrpc/aerial/imagery/500:0:0.1:18:-859:88816.png,yes
89,/deep/group/aicc-bootcamp/transportation/data/dvrpc/aerial/imagery/500:0:0.1:18:-99:88808.png,yes
90,/deep/group/aicc-bootcamp/transportation/data/dvrpc/aerial/imagery/500:0:0.1:18:-1426:87980.png,no
91,/deep/group/aicc-bootcamp/transportation/data/dvrpc/aerial/imagery/500:0:0.1:18:475:89085.png,yes
92,/deep/group/aicc-bootcamp/transportation/data/dvrpc/aerial/imagery/500:0:0.1:18:352:88353.png,yes
93,/deep/group/aicc-bootcamp/transportation/data/dvrpc/aerial/imagery/500:0:0.1:18:94:88846.png,yes
94,/deep/group/aicc-bootcamp/transportation/data/dvrpc/aerial/imagery/500:0:0.1:18:627:89394.png,yes
95,/deep/group/aicc-bootcamp/transportation/data/dvrpc/aerial/imagery/500:0:0.1:18:406:89096.png,yes
96,/deep/group/aicc-bootcamp/transportation/data/dvrpc/aerial/imagery/500:0:0.1:18:-409:88307.png,yes
97,/deep/group/aicc-bootcamp/transportation/data/dvrpc/aerial/imagery/500:0:0.1:18:399:88317.png,no
98,/deep/group/aicc-bootcamp/transportation/data/dvrpc/aerial/imagery/500:0:0.1:18:-754:88383.png,yes
99,/deep/group/aicc-bootcamp/transportation/data/dvrpc/aerial/imagery/500:0:0.1:18:-152:88077.png,yes
100,/deep/group/aicc-bootcamp/transportation/data/dvrpc/aerial/imagery/500:0:0.1:18:-621:88356.png,yes
101,/deep/group/aicc-bootcamp/transportation/data/dvrpc/aerial/imagery/500:0:0.1:18:-691:88606.png,no
102,/deep/group/aicc-bootcamp/transportation/data/dvrpc/aerial/imagery/500:0:0.1:18:438:89313.png,yes
103,/deep/group/aicc-bootcamp/transportation/data/dvrpc/aerial/imagery/500:0:0.1:18:-795:88379.png,no
104,/deep/group/aicc-bootcamp/transportation/data/dvrpc/aerial/imagery/500:0:0.1:18:-616:88646.png,yes
105,/deep/group/aicc-bootcamp/transportation/data/dvrpc/aerial/imagery/500:0:0.1:18:-215:88428.png,yes
106,/deep/group/aicc-bootcamp/transportation/data/dvrpc/aerial/imagery/500:0:0.1:18:-868:88443.png,yes
107,/deep/group/aicc-bootcamp/transportation/data/dvrpc/aerial/imagery/500:0:0.1:18:-895:88792.png,yes
108,/deep/group/aicc-bootcamp/transportation/data/dvrpc/aerial/imagery/500:0:0.1:18:576:89363.png,yes
109,/deep/group/aicc-bootcamp/transportation/data/dvrpc/aerial/imagery/500:0:0.1:18:-969:89266.png,yes
110,/deep/group/aicc-bootcamp/transportation/data/dvrpc/aerial/imagery/500:0:0.1:18:-1371:88885.png,yes
111,/deep/group/aicc-bootcamp/transportation/data/dvrpc/aerial/imagery/500:0:0.1:18:-947:89177.png,yes
112,/deep/group/aicc-bootcamp/transportation/data/dvrpc/aerial/imagery/500:0:0.1:18:-1429:88706.png,no
113,/deep/group/aicc-bootcamp/transportation/data/dvrpc/aerial/imagery/500:0:0.1:18:-755:88525.png,yes
114,/deep/group/aicc-bootcamp/transportation/data/dvrpc/aerial/imagery/500:0:0.1:18:-1141:88809.png,yes
115,/deep/group/aicc-bootcamp/transportation/data/dvrpc/aerial/imagery/500:0:0.1:18:-497:88985.png,yes
116,/deep/group/aicc-bootcamp/transportation/data/dvrpc/aerial/imagery/500:0:0.1:18:-438:89233.png,yes
117,/deep/group/aicc-bootcamp/transportation/data/dvrpc/aerial/imagery/500:0:0.1:18:559:89034.png,yes
118,/deep/group/aicc-bootcamp/transportation/data/dvrpc/aerial/imagery/500:0:0.1:18:607:88985.png,yes
119,/deep/group/aicc-bootcamp/transportation/data/dvrpc/aerial/imagery/500:0:0.1:18:-199:88880.png,yes
120,/deep/group/aicc-bootcamp/transportation/data/dvrpc/aerial/imagery/500:0:0.1:18:-548:89004.png,yes
121,/deep/group/aicc-bootcamp/transportation/data/dvrpc/aerial/imagery/500:0:0.1:18:-194:88883.png,yes
122,/deep/group/aicc-bootcamp/transportation/data/dvrpc/aerial/imagery/500:0:0.1:18:-603:88131.png,yes
123,/deep/group/aicc-bootcamp/transportation/data/dvrpc/aerial/imagery/500:0:0.1:18:0:88317.png,yes
124,/deep/group/aicc-bootcamp/transportation/data/dvrpc/aerial/imagery/500:0:0.1:18:-1597:88087.png,yes
125,/deep/group/aicc-bootcamp/transportation/data/dvrpc/aerial/imagery/500:0:0.1:18:-221:89242.png,yes
126,/deep/group/aicc-bootcamp/transportation/data/dvrpc/aerial/imagery/500:0:0.1:18:-1436:88841.png,yes
127,/deep/group/aicc-bootcamp/transportation/data/dvrpc/aerial/imagery/500:0:0.1:18:-1143:88168.png,no
128,/deep/group/aicc-bootcamp/transportation/data/dvrpc/aerial/imagery/500:0:0.1:18:-1165:89037.png,yes
129,/deep/group/aicc-bootcamp/transportation/data/dvrpc/aerial/imagery/500:0:0.1:18:-1269:88501.png,no
130,/deep/group/aicc-bootcamp/transportation/data/dvrpc/aerial/imagery/500:0:0.1:18:255:89364.png,yes
131,/deep/group/aicc-bootcamp/transportation/data/dvrpc/aerial/imagery/500:0:0.1:18:-206:88864.png,yes
132,/deep/group/aicc-bootcamp/transportation/data/dvrpc/aerial/imagery/500:0:0.1:18:173:88808.png,yes
133,/deep/group/aicc-bootcamp/transportation/data/dvrpc/aerial/imagery/500:0:0.1:18:-586:88254.png,yes
134,/deep/group/aicc-bootcamp/transportation/data/dvrpc/aerial/imagery/500:0:0.1:18:-113:87719.png,yes
135,/deep/group/aicc-bootcamp/transportation/data/dvrpc/aerial/imagery/500:0:0.1:18:-127:89394.png,yes
136,/deep/group/aicc-bootcamp/transportation/data/dvrpc/aerial/imagery/500:0:0.1:18:-353:89440.png,yes
137,/deep/group/aicc-bootcamp/transportation/data/dvrpc/aerial/imagery/500:0:0.1:18:-716:88441.png,yes
138,/deep/group/aicc-bootcamp/transportation/data/dvrpc/aerial/imagery/500:0:0.1:18:-727:88647.png,yes
139,/deep/group/aicc-bootcamp/transportation/data/dvrpc/aerial/imagery/500:0:0.1:18:-95:89358.png,no
140,/deep/group/aicc-bootcamp/transportation/data/dvrpc/aerial/imagery/500:0:0.1:18:240:89354.png,yes
141,/deep/group/aicc-bootcamp/transportation/data/dvrpc/aerial/imagery/500:0:0.1:18:-372:89459.png,yes
142,/deep/group/aicc-bootcamp/transportation/data/dvrpc/aerial/imagery/500:0:0.1:18:-24:88420.png,yes
143,/deep/group/aicc-bootcamp/transportation/data/dvrpc/aerial/imagery/500:0:0.1:18:-991:88805.png,yes
144,/deep/group/aicc-bootcamp/transportation/data/dvrpc/aerial/imagery/500:0:0.1:18:389:89327.png,yes
145,/deep/group/aicc-bootcamp/transportation/data/dvrpc/aerial/imagery/500:0:0.1:18:-882:88525.png,yes
146,/deep/group/aicc-bootcamp/transportation/data/dvrpc/aerial/imagery/500:0:0.1:18:-1600:88074.png,no
147,/deep/group/aicc-bootcamp/transportation/data/dvrpc/aerial/imagery/500:0:0.1:18:-1062:88235.png,yes
148,/deep/group/aicc-bootcamp/transportation/data/dvrpc/aerial/imagery/500:0:0.1:18:-689:88659.png,yes
149,/deep/group/aicc-bootcamp/transportation/data/dvrpc/aerial/imagery/500:0:0.1:18:-420:89128.png,yes
150,/deep/group/aicc-bootcamp/transportation/data/dvrpc/aerial/imagery/500:0:0.1:18:-998:88745.png,yes
151,/deep/group/aicc-bootcamp/transportation/data/dvrpc/aerial/imagery/500:0:0.1:18:-377:88376.png,yes
152,/deep/group/aicc-bootcamp/transportation/data/dvrpc/aerial/imagery/500:0:0.1:18:-1606:88272.png,yes
153,/deep/group/aicc-bootcamp/transportation/data/dvrpc/aerial/imagery/500:0:0.1:18:668:88892.png,yes
154,/deep/group/aicc-bootcamp/transportation/data/dvrpc/aerial/imagery/500:0:0.1:18:-120:89295.png,no
155,/deep/group/aicc-bootcamp/transportation/data/dvrpc/aerial/imagery/500:0:0.1:18:-18:88781.png,yes
156,/deep/group/aicc-bootcamp/transportation/data/dvrpc/aerial/imagery/500:0:0.1:18:-122:88790.png,yes
157,/deep/group/aicc-bootcamp/transportation/data/dvrpc/aerial/imagery/500:0:0.1:18:-720:88385.png,no
158,/deep/group/aicc-bootcamp/transportation/data/dvrpc/aerial/imagery/500:0:0.1:18:-859:89279.png,yes
159,/deep/group/aicc-bootcamp/transportation/data/dvrpc/aerial/imagery/500:0:0.1:18:-678:88736.png,yes
160,/deep/group/aicc-bootcamp/transportation/data/dvrpc/aerial/imagery/500:0:0.1:18:-52:88374.png,yes
161,/deep/group/aicc-bootcamp/transportation/data/dvrpc/aerial/imagery/500:0:0.1:18:-593:89037.png,yes
162,/deep/group/aicc-bootcamp/transportation/data/dvrpc/aerial/imagery/500:0:0.1:18:-1271:88665.png,yes
163,/deep/group/aicc-bootcamp/transportation/data/dvrpc/aerial/imagery/500:0:0.1:18:-819:88746.png,yes
164,/deep/group/aicc-bootcamp/transportation/data/dvrpc/aerial/imagery/500:0:0.1:18:632:88543.png,yes
165,/deep/group/aicc-bootcamp/transportation/data/dvrpc/aerial/imagery/500:0:0.1:18:-715:88610.png,yes
166,/deep/group/aicc-bootcamp/transportation/data/dvrpc/aerial/imagery/500:0:0.1:18:-698:88658.png,yes
167,/deep/group/aicc-bootcamp/transportation/data/dvrpc/aerial/imagery/500:0:0.1:18:-833:89259.png,yes
168,/deep/group/aicc-bootcamp/transportation/data/dvrpc/aerial/imagery/500:0:0.1:18:-943:89423.png,yes
169,/deep/group/aicc-bootcamp/transportation/data/dvrpc/aerial/imagery/500:0:0.1:18:-1338:88434.png,yes
170,/deep/group/aicc-bootcamp/transportation/data/dvrpc/aerial/imagery/500:0:0.1:18:-465:89357.png,yes
171,/deep/group/aicc-bootcamp/transportation/data/dvrpc/aerial/imagery/500:0:0.1:18:-1237:88750.png,yes
172,/deep/group/aicc-bootcamp/transportation/data/dvrpc/aerial/imagery/500:0:0.1:18:-1069:88410.png,yes
173,/deep/group/aicc-bootcamp/transportation/data/dvrpc/aerial/imagery/500:0:0.1:18:153:88575.png,yes
174,/deep/group/aicc-bootcamp/transportation/data/dvrpc/aerial/imagery/500:0:0.1:18:-1107:88291.png,yes
175,/deep/group/aicc-bootcamp/transportation/data/dvrpc/aerial/imagery/500:0:0.1:18:-992:89395.png,yes
176,/deep/group/aicc-bootcamp/transportation/data/dvrpc/aerial/imagery/500:0:0.1:18:-1631:88170.png,yes
177,/deep/group/aicc-bootcamp/transportation/data/dvrpc/aerial/imagery/500:0:0.1:18:-378:89114.png,yes
178,/deep/group/aicc-bootcamp/transportation/data/dvrpc/aerial/imagery/500:0:0.1:18:-975:89159.png,yes
179,/deep/group/aicc-bootcamp/transportation/data/dvrpc/aerial/imagery/500:0:0.1:18:-781:88394.png,no
180,/deep/group/aicc-bootcamp/transportation/data/dvrpc/aerial/imagery/500:0:0.1:18:-936:89445.png,yes
181,/deep/group/aicc-bootcamp/transportation/data/dvrpc/aerial/imagery/500:0:0.1:18:-658:88637.png,yes
182,/deep/group/aicc-bootcamp/transportation/data/dvrpc/aerial/imagery/500:0:0.1:18:-1204:88606.png,yes
183,/deep/group/aicc-bootcamp/transportation/data/dvrpc/aerial/imagery/500:0:0.1:18:106:89125.png,yes
184,/deep/group/aicc-bootcamp/transportation/data/dvrpc/aerial/imagery/500:0:0.1:18:-931:88426.png,yes
185,/deep/group/aicc-bootcamp/transportation/data/dvrpc/aerial/imagery/500:0:0.1:18:441:89038.png,yes
186,/deep/group/aicc-bootcamp/transportation/data/dvrpc/aerial/imagery/500:0:0.1:18:-990:88448.png,yes
187,/deep/group/aicc-bootcamp/transportation/data/dvrpc/aerial/imagery/500:0:0.1:18:59:88421.png,yes
188,/deep/group/aicc-bootcamp/transportation/data/dvrpc/aerial/imagery/500:0:0.1:18:126:88205.png,yes
189,/deep/group/aicc-bootcamp/transportation/data/dvrpc/aerial/imagery/500:0:0.1:18:-409:88874.png,yes
190,/deep/group/aicc-bootcamp/transportation/data/dvrpc/aerial/imagery/500:0:0.1:18:55:89169.png,yes
191,/deep/group/aicc-bootcamp/transportation/data/dvrpc/aerial/imagery/500:0:0.1:18:-1117:88316.png,yes
192,/deep/group/aicc-bootcamp/transportation/data/dvrpc/aerial/imagery/500:0:0.1:18:578:89376.png,yes
193,/deep/group/aicc-bootcamp/transportation/data/dvrpc/aerial/imagery/500:0:0.1:18:-733:88303.png,yes
194,/deep/group/aicc-bootcamp/transportation/data/dvrpc/aerial/imagery/500:0:0.1:18:-522:88945.png,yes
195,/deep/group/aicc-bootcamp/transportation/data/dvrpc/aerial/imagery/500:0:0.1:18:-59:89346.png,yes
196,/deep/group/aicc-bootcamp/transportation/data/dvrpc/aerial/imagery/500:0:0.1:18:12:87996.png,yes
197,/deep/group/aicc-bootcamp/transportation/data/dvrpc/aerial/imagery/500:0:0.1:18:-648:88575.png,yes
198,/deep/group/aicc-bootcamp/transportation/data/dvrpc/aerial/imagery/500:0:0.1:18:-503:89361.png,yes
199,/deep/group/aicc-bootcamp/transportation/data/dvrpc/aerial/imagery/500:0:0.1:18:-964:88882.png,yes
200,/deep/group/aicc-bootcamp/transportation/data/dvrpc/aerial/imagery/500:0:0.1:18:-1416:88712.png,no
201,/deep/group/aicc-bootcamp/transportation/data/dvrpc/aerial/imagery/500:0:0.1:18:-1639:88141.png,yes
202,/deep/group/aicc-bootcamp/transportation/data/dvrpc/aerial/imagery/500:0:0.1:18:-648:88235.png,yes
203,/deep/group/aicc-bootcamp/transportation/data/dvrpc/aerial/imagery/500:0:0.1:18:-1150:88777.png,yes
204,/deep/group/aicc-bootcamp/transportation/data/dvrpc/aerial/imagery/500:0:0.1:18:-1122:88387.png,yes
205,/deep/group/aicc-bootcamp/transportation/data/dvrpc/aerial/imagery/500:0:0.1:18:236:87974.png,yes
206,/deep/group/aicc-bootcamp/transportation/data/dvrpc/aerial/imagery/500:0:0.1:18:47:89168.png,no
207,/deep/group/aicc-bootcamp/transportation/data/dvrpc/aerial/imagery/500:0:0.1:18:-318:87873.png,yes
208,/deep/group/aicc-bootcamp/transportation/data/dvrpc/aerial/imagery/500:0:0.1:18:-730:88627.png,yes
209,/deep/group/aicc-bootcamp/transportation/data/dvrpc/aerial/imagery/500:0:0.1:18:-42:88425.png,yes
210,/deep/group/aicc-bootcamp/transportation/data/dvrpc/aerial/imagery/500:0:0.1:18:-1258:88473.png,yes
211,/deep/group/aicc-bootcamp/transportation/data/dvrpc/aerial/imagery/500:0:0.1:18:-743:88362.png,yes
212,/deep/group/aicc-bootcamp/transportation/data/dvrpc/aerial/imagery/500:0:0.1:18:-182:87760.png,yes
213,/deep/group/aicc-bootcamp/transportation/data/dvrpc/aerial/imagery/500:0:0.1:18:-754:89015.png,yes
214,/deep/group/aicc-bootcamp/transportation/data/dvrpc/aerial/imagery/500:0:0.1:18:-605:89181.png,yes
215,/deep/group/aicc-bootcamp/transportation/data/dvrpc/aerial/imagery/500:0:0.1:18:-1260:88429.png,no
216,/deep/group/aicc-bootcamp/transportation/data/dvrpc/aerial/imagery/500:0:0.1:18:-991:88853.png,no
217,/deep/group/aicc-bootcamp/transportation/data/dvrpc/aerial/imagery/500:0:0.1:18:-1557:88592.png,yes
218,/deep/group/aicc-bootcamp/transportation/data/dvrpc/aerial/imagery/500:0:0.1:18:-475:88792.png,yes
219,/deep/group/aicc-bootcamp/transportation/data/dvrpc/aerial/imagery/500:0:0.1:18:26:89409.png,yes
220,/deep/group/aicc-bootcamp/transportation/data/dvrpc/aerial/imagery/500:0:0.1:18:-59:88381.png,yes
221,/deep/group/aicc-bootcamp/transportation/data/dvrpc/aerial/imagery/500:0:0.1:18:452:88897.png,yes
222,/deep/group/aicc-bootcamp/transportation/data/dvrpc/aerial/imagery/500:0:0.1:18:-387:89342.png,yes
223,/deep/group/aicc-bootcamp/transportation/data/dvrpc/aerial/imagery/500:0:0.1:18:-705:88659.png,yes
224,/deep/group/aicc-bootcamp/transportation/data/dvrpc/aerial/imagery/500:0:0.1:18:89:88681.png,no
225,/deep/group/aicc-bootcamp/transportation/data/dvrpc/aerial/imagery/500:0:0.1:18:-1148:88271.png,yes
226,/deep/group/aicc-bootcamp/transportation/data/dvrpc/aerial/imagery/500:0:0.1:18:-1246:88921.png,yes
227,/deep/group/aicc-bootcamp/transportation/data/dvrpc/aerial/imagery/500:0:0.1:18:-877:89459.png,yes
228,/deep/group/aicc-bootcamp/transportation/data/dvrpc/aerial/imagery/500:0:0.1:18:95:89204.png,yes
229,/deep/group/aicc-bootcamp/transportation/data/dvrpc/aerial/imagery/500:0:0.1:18:417:88555.png,yes
230,/deep/group/aicc-bootcamp/transportation/data/dvrpc/aerial/imagery/500:0:0.1:18:-950:88395.png,yes
231,/deep/group/aicc-bootcamp/transportation/data/dvrpc/aerial/imagery/500:0:0.1:18:-340:89678.png,yes
232,/deep/group/aicc-bootcamp/transportation/data/dvrpc/aerial/imagery/500:0:0.1:18:-219:88182.png,yes
233,/deep/group/aicc-bootcamp/transportation/data/dvrpc/aerial/imagery/500:0:0.1:18:-417:89128.png,yes
234,/deep/group/aicc-bootcamp/transportation/data/dvrpc/aerial/imagery/500:0:0.1:18:25:88659.png,yes
235,/deep/group/aicc-bootcamp/transportation/data/dvrpc/aerial/imagery/500:0:0.1:18:-72:88096.png,yes
236,/deep/group/aicc-bootcamp/transportation/data/dvrpc/aerial/imagery/500:0:0.1:18:-1527:88562.png,yes
237,/deep/group/aicc-bootcamp/transportation/data/dvrpc/aerial/imagery/500:0:0.1:18:345:89300.png,yes
238,/deep/group/aicc-bootcamp/transportation/data/dvrpc/aerial/imagery/500:0:0.1:18:-680:89088.png,yes
239,/deep/group/aicc-bootcamp/transportation/data/dvrpc/aerial/imagery/500:0:0.1:18:-107:87899.png,yes
240,/deep/group/aicc-bootcamp/transportation/data/dvrpc/aerial/imagery/500:0:0.1:18:-123:87713.png,no
241,/deep/group/aicc-bootcamp/transportation/data/dvrpc/aerial/imagery/500:0:0.1:18:-851:89427.png,yes
242,/deep/group/aicc-bootcamp/transportation/data/dvrpc/aerial/imagery/500:0:0.1:18:-423:87845.png,yes
243,/deep/group/aicc-bootcamp/transportation/data/dvrpc/aerial/imagery/500:0:0.1:18:-1013:88679.png,yes
244,/deep/group/aicc-bootcamp/transportation/data/dvrpc/aerial/imagery/500:0:0.1:18:-944:88875.png,yes
245,/deep/group/aicc-bootcamp/transportation/data/dvrpc/aerial/imagery/500:0:0.1:18:-672:88750.png,yes
246,/deep/group/aicc-bootcamp/transportation/data/dvrpc/aerial/imagery/500:0:0.1:18:-693:88764.png,yes
247,/deep/group/aicc-bootcamp/transportation/data/dvrpc/aerial/imagery/500:0:0.1:18:-404:89152.png,yes
248,/deep/group/aicc-bootcamp/transportation/data/dvrpc/aerial/imagery/500:0:0.1:18:-442:87898.png,yes
249,/deep/group/aicc-bootcamp/transportation/data/dvrpc/aerial/imagery/500:0:0.1:18:-1570:88587.png,yes
250,/deep/group/aicc-bootcamp/transportation/data/dvrpc/aerial/imagery/500:0:0.1:18:-1324:88825.png,yes
251,/deep/group/aicc-bootcamp/transportation/data/dvrpc/aerial/imagery/500:0:0.1:18:-373:89217.png,yes
252,/deep/group/aicc-bootcamp/transportation/data/dvrpc/aerial/imagery/500:0:0.1:18:-395:89096.png,yes
253,/deep/group/aicc-bootcamp/transportation/data/dvrpc/aerial/imagery/500:0:0.1:18:-796:88710.png,yes
254,/deep/group/aicc-bootcamp/transportation/data/dvrpc/aerial/imagery/500:0:0.1:18:-247:89721.png,yes
255,/deep/group/aicc-bootcamp/transportation/data/dvrpc/aerial/imagery/500:0:0.1:18:-1232:88764.png,yes
256,/deep/group/aicc-bootcamp/transportation/data/dvrpc/aerial/imagery/500:0:0.1:18:-1551:87991.png,yes
257,/deep/group/aicc-bootcamp/transportation/data/dvrpc/aerial/imagery/500:0:0.1:18:-1596:88122.png,yes
258,/deep/group/aicc-bootcamp/transportation/data/dvrpc/aerial/imagery/500:0:0.1:18:-651:88546.png,yes
259,/deep/group/aicc-bootcamp/transportation/data/dvrpc/aerial/imagery/500:0:0.1:18:-290:89131.png,yes
260,/deep/group/aicc-bootcamp/transportation/data/dvrpc/aerial/imagery/500:0:0.1:18:-392:89143.png,no
261,/deep/group/aicc-bootcamp/transportation/data/dvrpc/aerial/imagery/500:0:0.1:18:-923:88531.png,yes
262,/deep/group/aicc-bootcamp/transportation/data/dvrpc/aerial/imagery/500:0:0.1:18:-138:89311.png,yes
263,/deep/group/aicc-bootcamp/transportation/data/dvrpc/aerial/imagery/500:0:0.1:18:-148:89262.png,yes
264,/deep/group/aicc-bootcamp/transportation/data/dvrpc/aerial/imagery/500:0:0.1:18:-838:88469.png,no
265,/deep/group/aicc-bootcamp/transportation/data/dvrpc/aerial/imagery/500:0:0.1:18:542:88277.png,no
266,/deep/group/aicc-bootcamp/transportation/data/dvrpc/aerial/imagery/500:0:0.1:18:-1069:88469.png,no
267,/deep/group/aicc-bootcamp/transportation/data/dvrpc/aerial/imagery/500:0:0.1:18:-301:89522.png,no
268,/deep/group/aicc-bootcamp/transportation/data/dvrpc/aerial/imagery/500:0:0.1:18:425:88910.png,yes
269,/deep/group/aicc-bootcamp/transportation/data/dvrpc/aerial/imagery/500:0:0.1:18:16:89282.png,yes
270,/deep/group/aicc-bootcamp/transportation/data/dvrpc/aerial/imagery/500:0:0.1:18:-895:88976.png,yes
271,/deep/group/aicc-bootcamp/transportation/data/dvrpc/aerial/imagery/500:0:0.1:18:-1053:88552.png,yes
272,/deep/group/aicc-bootcamp/transportation/data/dvrpc/aerial/imagery/500:0:0.1:18:-223:89294.png,yes
273,/deep/group/aicc-bootcamp/transportation/data/dvrpc/aerial/imagery/500:0:0.1:18:-405:89108.png,yes
274,/deep/group/aicc-bootcamp/transportation/data/dvrpc/aerial/imagery/500:0:0.1:18:-1019:89161.png,yes
275,/deep/group/aicc-bootcamp/transportation/data/dvrpc/aerial/imagery/500:0:0.1:18:7:88319.png,yes
276,/deep/group/aicc-bootcamp/transportation/data/dvrpc/aerial/imagery/500:0:0.1:18:-374:88085.png,yes
277,/deep/group/aicc-bootcamp/transportation/data/dvrpc/aerial/imagery/500:0:0.1:18:-1241:88840.png,yes
278,/deep/group/aicc-bootcamp/transportation/data/dvrpc/aerial/imagery/500:0:0.1:18:-332:89669.png,yes
279,/deep/group/aicc-bootcamp/transportation/data/dvrpc/aerial/imagery/500:0:0.1:18:311:89290.png,yes
280,/deep/group/aicc-bootcamp/transportation/data/dvrpc/aerial/imagery/500:0:0.1:18:-91:88483.png,yes
281,/deep/group/aicc-bootcamp/transportation/data/dvrpc/aerial/imagery/500:0:0.1:18:-1141:88522.png,yes
282,/deep/group/aicc-bootcamp/transportation/data/dvrpc/aerial/imagery/500:0:0.1:18:-584:88270.png,yes
283,/deep/group/aicc-bootcamp/transportation/data/dvrpc/aerial/imagery/500:0:0.1:18:-787:88404.png,no
284,/deep/group/aicc-bootcamp/transportation/data/dvrpc/aerial/imagery/500:0:0.1:18:-1144:88355.png,yes
285,/deep/group/aicc-bootcamp/transportation/data/dvrpc/aerial/imagery/500:0:0.1:18:491:88143.png,yes
286,/deep/group/aicc-bootcamp/transportation/data/dvrpc/aerial/imagery/500:0:0.1:18:-844:88623.png,yes
287,/deep/group/aicc-bootcamp/transportation/data/dvrpc/aerial/imagery/500:0:0.1:18:-787:88569.png,yes
288,/deep/group/aicc-bootcamp/transportation/data/dvrpc/aerial/imagery/500:0:0.1:18:-346:88827.png,yes
289,/deep/group/aicc-bootcamp/transportation/data/dvrpc/aerial/imagery/500:0:0.1:18:-390:89523.png,yes
290,/deep/group/aicc-bootcamp/transportation/data/dvrpc/aerial/imagery/500:0:0.1:18:381:88150.png,no
291,/deep/group/aicc-bootcamp/transportation/data/dvrpc/aerial/imagery/500:0:0.1:18:-329:88205.png,yes
292,/deep/group/aicc-bootcamp/transportation/data/dvrpc/aerial/imagery/500:0:0.1:18:600:88980.png,no
293,/deep/group/aicc-bootcamp/transportation/data/dvrpc/aerial/imagery/500:0:0.1:18:85:88863.png,yes
294,/deep/group/aicc-bootcamp/transportation/data/dvrpc/aerial/imagery/500:0:0.1:18:-737:88369.png,yes
295,/deep/group/aicc-bootcamp/transportation/data/dvrpc/aerial/imagery/500:0:0.1:18:-979:88650.png,no
296,/deep/group/aicc-bootcamp/transportation/data/dvrpc/aerial/imagery/500:0:0.1:18:-1093:88458.png,yes
297,/deep/group/aicc-bootcamp/transportation/data/dvrpc/aerial/imagery/500:0:0.1:18:-383:89595.png,yes
298,/deep/group/aicc-bootcamp/transportation/data/dvrpc/aerial/imagery/500:0:0.1:18:-761:88245.png,yes
299,/deep/group/aicc-bootcamp/transportation/data/dvrpc/aerial/imagery/500:0:0.1:18:95:89104.png,yes
300,/deep/group/aicc-bootcamp/transportation/data/dvrpc/aerial/imagery/500:0:0.1:18:-644:88391.png,yes
301,/deep/group/aicc-bootcamp/transportation/data/dvrpc/aerial/imagery/500:0:0.1:18:-1458:88500.png,yes
302,/deep/group/aicc-bootcamp/transportation/data/dvrpc/aerial/imagery/500:0:0.1:18:-135:87745.png,yes
303,/deep/group/aicc-bootcamp/transportation/data/dvrpc/aerial/imagery/500:0:0.1:18:-544:88254.png,yes
304,/deep/group/aicc-bootcamp/transportation/data/dvrpc/aerial/imagery/500:0:0.1:18:-1432:87968.png,yes
305,/deep/group/aicc-bootcamp/transportation/data/dvrpc/aerial/imagery/500:0:0.1:18:-525:89219.png,yes
306,/deep/group/aicc-bootcamp/transportation/data/dvrpc/aerial/imagery/500:0:0.1:18:-11:89057.png,yes
307,/deep/group/aicc-bootcamp/transportation/data/dvrpc/aerial/imagery/500:0:0.1:18:-1460:88735.png,yes
308,/deep/group/aicc-bootcamp/transportation/data/dvrpc/aerial/imagery/500:0:0.1:18:-1073:88297.png,yes
309,/deep/group/aicc-bootcamp/transportation/data/dvrpc/aerial/imagery/500:0:0.1:18:-487:89412.png,yes
310,/deep/group/aicc-bootcamp/transportation/data/dvrpc/aerial/imagery/500:0:0.1:18:-791:89520.png,yes
311,/deep/group/aicc-bootcamp/transportation/data/dvrpc/aerial/imagery/500:0:0.1:18:-1342:88041.png,yes
312,/deep/group/aicc-bootcamp/transportation/data/dvrpc/aerial/imagery/500:0:0.1:18:120:88672.png,no
313,/deep/group/aicc-bootcamp/transportation/data/dvrpc/aerial/imagery/500:0:0.1:18:-1528:88540.png,no
314,/deep/group/aicc-bootcamp/transportation/data/dvrpc/aerial/imagery/500:0:0.1:18:-535:88377.png,yes
315,/deep/group/aicc-bootcamp/transportation/data/dvrpc/aerial/imagery/500:0:0.1:18:624:89072.png,yes
316,/deep/group/aicc-bootcamp/transportation/data/dvrpc/aerial/imagery/500:0:0.1:18:-493:89056.png,yes
317,/deep/group/aicc-bootcamp/transportation/data/dvrpc/aerial/imagery/500:0:0.1:18:-1:88010.png,yes
318,/deep/group/aicc-bootcamp/transportation/data/dvrpc/aerial/imagery/500:0:0.1:18:-616:89359.png,yes
319,/deep/group/aicc-bootcamp/transportation/data/dvrpc/aerial/imagery/500:0:0.1:18:-882:89063.png,yes
320,/deep/group/aicc-bootcamp/transportation/data/dvrpc/aerial/imagery/500:0:0.1:18:126:88913.png,yes
321,/deep/group/aicc-bootcamp/transportation/data/dvrpc/aerial/imagery/500:0:0.1:18:265:89136.png,yes
322,/deep/group/aicc-bootcamp/transportation/data/dvrpc/aerial/imagery/500:0:0.1:18:-1139:88775.png,yes
323,/deep/group/aicc-bootcamp/transportation/data/dvrpc/aerial/imagery/500:0:0.1:18:-593:89048.png,no
324,/deep/group/aicc-bootcamp/transportation/data/dvrpc/aerial/imagery/500:0:0.1:18:-1113:88508.png,no
325,/deep/group/aicc-bootcamp/transportation/data/dvrpc/aerial/imagery/500:0:0.1:18:-687:88754.png,yes
326,/deep/group/aicc-bootcamp/transportation/data/dvrpc/aerial/imagery/500:0:0.1:18:-1375:88734.png,yes
327,/deep/group/aicc-bootcamp/transportation/data/dvrpc/aerial/imagery/500:0:0.1:18:44:89426.png,yes
328,/deep/group/aicc-bootcamp/transportation/data/dvrpc/aerial/imagery/500:0:0.1:18:451:88221.png,no
329,/deep/group/aicc-bootcamp/transportation/data/dvrpc/aerial/imagery/500:0:0.1:18:255:89208.png,yes
330,/deep/group/aicc-bootcamp/transportation/data/dvrpc/aerial/imagery/500:0:0.1:18:-1162:88300.png,no
331,/deep/group/aicc-bootcamp/transportation/data/dvrpc/aerial/imagery/500:0:0.1:18:-431:89128.png,yes
332,/deep/group/aicc-bootcamp/transportation/data/dvrpc/aerial/imagery/500:0:0.1:18:-402:89145.png,no
333,/deep/group/aicc-bootcamp/transportation/data/dvrpc/aerial/imagery/500:0:0.1:18:-712:88456.png,yes
334,/deep/group/aicc-bootcamp/transportation/data/dvrpc/aerial/imagery/500:0:0.1:18:-1458:88699.png,no
335,/deep/group/aicc-bootcamp/transportation/data/dvrpc/aerial/imagery/500:0:0.1:18:-815:88731.png,yes
336,/deep/group/aicc-bootcamp/transportation/data/dvrpc/aerial/imagery/500:0:0.1:18:206:88829.png,yes
337,/deep/group/aicc-bootcamp/transportation/data/dvrpc/aerial/imagery/500:0:0.1:18:-774:88956.png,yes
338,/deep/group/aicc-bootcamp/transportation/data/dvrpc/aerial/imagery/500:0:0.1:18:-710:88250.png,no
339,/deep/group/aicc-bootcamp/transportation/data/dvrpc/aerial/imagery/500:0:0.1:18:298:89023.png,yes
340,/deep/group/aicc-bootcamp/transportation/data/dvrpc/aerial/imagery/500:0:0.1:18:-140:89241.png,no
341,/deep/group/aicc-bootcamp/transportation/data/dvrpc/aerial/imagery/500:0:0.1:18:-1265:88411.png,yes
342,/deep/group/aicc-bootcamp/transportation/data/dvrpc/aerial/imagery/500:0:0.1:18:-1103:89205.png,yes
343,/deep/group/aicc-bootcamp/transportation/data/dvrpc/aerial/imagery/500:0:0.1:18:-1267:88757.png,yes
344,/deep/group/aicc-bootcamp/transportation/data/dvrpc/aerial/imagery/500:0:0.1:18:-201:88006.png,yes
345,/deep/group/aicc-bootcamp/transportation/data/dvrpc/aerial/imagery/500:0:0.1:18:98:87719.png,yes
346,/deep/group/aicc-bootcamp/transportation/data/dvrpc/aerial/imagery/500:0:0.1:18:-690:88763.png,yes
347,/deep/group/aicc-bootcamp/transportation/data/dvrpc/aerial/imagery/500:0:0.1:18:-721:88486.png,yes
348,/deep/group/aicc-bootcamp/transportation/data/dvrpc/aerial/imagery/500:0:0.1:18:50:88434.png,yes
349,/deep/group/aicc-bootcamp/transportation/data/dvrpc/aerial/imagery/500:0:0.1:18:-226:89776.png,no
350,/deep/group/aicc-bootcamp/transportation/data/dvrpc/aerial/imagery/500:0:0.1:18:-389:89126.png,yes
351,/deep/group/aicc-bootcamp/transportation/data/dvrpc/aerial/imagery/500:0:0.1:18:-744:89489.png,yes
352,/deep/group/aicc-bootcamp/transportation/data/dvrpc/aerial/imagery/500:0:0.1:18:-431:88990.png,yes
353,/deep/group/aicc-bootcamp/transportation/data/dvrpc/aerial/imagery/500:0:0.1:18:-935:88584.png,yes
354,/deep/group/aicc-bootcamp/transportation/data/dvrpc/aerial/imagery/500:0:0.1:18:-290:88386.png,yes
355,/deep/group/aicc-bootcamp/transportation/data/dvrpc/aerial/imagery/500:0:0.1:18:-838:88854.png,yes
356,/deep/group/aicc-bootcamp/transportation/data/dvrpc/aerial/imagery/500:0:0.1:18:158:89090.png,yes
357,/deep/group/aicc-bootcamp/transportation/data/dvrpc/aerial/imagery/500:0:0.1:18:-947:88586.png,yes
358,/deep/group/aicc-bootcamp/transportation/data/dvrpc/aerial/imagery/500:0:0.1:18:-740:88196.png,no
359,/deep/group/aicc-bootcamp/transportation/data/dvrpc/aerial/imagery/500:0:0.1:18:-170:89361.png,yes
360,/deep/group/aicc-bootcamp/transportation/data/dvrpc/aerial/imagery/500:0:0.1:18:-658:88952.png,no
361,/deep/group/aicc-bootcamp/transportation/data/dvrpc/aerial/imagery/500:0:0.1:18:-7:88360.png,yes
362,/deep/group/aicc-bootcamp/transportation/data/dvrpc/aerial/imagery/500:0:0.1:18:277:89201.png,no
363,/deep/group/aicc-bootcamp/transportation/data/dvrpc/aerial/imagery/500:0:0.1:18:-1010:89214.png,yes
364,/deep/group/aicc-bootcamp/transportation/data/dvrpc/aerial/imagery/500:0:0.1:18:-331:89362.png,yes
365,/deep/group/aicc-bootcamp/transportation/data/dvrpc/aerial/imagery/500:0:0.1:18:-690:88765.png,yes
366,/deep/group/aicc-bootcamp/transportation/data/dvrpc/aerial/imagery/500:0:0.1:18:-357:88339.png,no
367,/deep/group/aicc-bootcamp/transportation/data/dvrpc/aerial/imagery/500:0:0.1:18:665:88593.png,yes
368,/deep/group/aicc-bootcamp/transportation/data/dvrpc/aerial/imagery/500:0:0.1:18:-1268:88506.png,yes
369,/deep/group/aicc-bootcamp/transportation/data/dvrpc/aerial/imagery/500:0:0.1:18:-586:88897.png,no
370,/deep/group/aicc-bootcamp/transportation/data/dvrpc/aerial/imagery/500:0:0.1:18:102:88325.png,yes
371,/deep/group/aicc-bootcamp/transportation/data/dvrpc/aerial/imagery/500:0:0.1:18:113:89168.png,yes
372,/deep/group/aicc-bootcamp/transportation/data/dvrpc/aerial/imagery/500:0:0.1:18:73:89204.png,yes
373,/deep/group/aicc-bootcamp/transportation/data/dvrpc/aerial/imagery/500:0:0.1:18:-754:88624.png,yes
374,/deep/group/aicc-bootcamp/transportation/data/dvrpc/aerial/imagery/500:0:0.1:18:-1198:89044.png,yes
375,/deep/group/aicc-bootcamp/transportation/data/dvrpc/aerial/imagery/500:0:0.1:18:-1274:88054.png,no
376,/deep/group/aicc-bootcamp/transportation/data/dvrpc/aerial/imagery/500:0:0.1:18:-322:89215.png,yes
377,/deep/group/aicc-bootcamp/transportation/data/dvrpc/aerial/imagery/500:0:0.1:18:21:89427.png,yes
